user_id,content_id,is_watched,is_liked,is_commented,is_shared,like_percentage,comment_percentage,share_percentage,cluster
2,320,1,1,1,0,-0.5681120686787556,-0.5804294923078024,-0.5989120572049601,1
59,272,0,0,1,0,-0.5681120689115885,1.7228621442976708,-0.5989120572049601,2
99,241,0,0,0,1,-0.5681120689115885,-0.5804294925381316,1.669694219873444,3
19,476,1,1,1,0,-0.5681120686787556,-0.5804294923078024,-0.5989120572049601,1
40,401,0,1,1,0,1.7602160821154045,1.7228621442976708,-0.5989120572049601,0
55,57,1,0,0,1,-0.5681120689115885,-0.5804294925381316,-0.5989120569780995,1
73,379,1,0,0,1,-0.5681120689115885,-0.5804294925381316,-0.5989120569780995,1
80,232,0,0,1,1,-0.5681120689115885,1.7228621442976708,1.669694219873444,2
38,422,1,1,1,0,-0.5681120686787556,-0.5804294923078024,-0.5989120572049601,1
87,357,0,0,1,1,-0.5681120689115885,1.7228621442976708,1.669694219873444,2
98,78,0,0,1,0,-0.5681120689115885,1.7228621442976708,-0.5989120572049601,2
31,119,1,0,0,0,-0.5681120689115885,-0.5804294925381316,-0.5989120572049601,1
60,421,1,0,0,0,-0.5681120689115885,-0.5804294925381316,-0.5989120572049601,1
39,89,1,1,0,1,-0.5681120686787556,-0.5804294925381316,-0.5989120569780995,1
56,352,1,0,0,1,-0.5681120689115885,-0.5804294925381316,-0.5989120569780995,1
8,234,1,1,1,0,-0.5681120686787556,-0.5804294923078024,-0.5989120572049601,1
85,24,0,0,1,1,-0.5681120689115885,1.7228621442976708,1.669694219873444,2
26,438,1,1,0,1,-0.5681120686787556,-0.5804294925381316,-0.5989120569780995,1
9,225,0,1,1,1,1.7602160821154045,1.7228621442976708,1.669694219873444,0
33,421,1,1,0,1,-0.5681120686787556,-0.5804294925381316,-0.5989120569780995,1
20,357,1,0,1,0,-0.5681120689115885,-0.5804294923078024,-0.5989120572049601,1
94,179,1,0,0,1,-0.5681120689115885,-0.5804294925381316,-0.5989120569780995,1
77,316,1,1,1,1,-0.5681120686787556,-0.5804294923078024,-0.5989120569780995,1
5,27,0,1,0,0,1.7602160821154045,-0.5804294925381316,-0.5989120572049601,4
79,89,0,1,0,1,1.7602160821154045,-0.5804294925381316,1.669694219873444,4
55,495,0,1,1,1,1.7602160821154045,1.7228621442976708,1.669694219873444,0
8,407,1,0,0,0,-0.5681120689115885,-0.5804294925381316,-0.5989120572049601,1
44,463,1,1,1,1,-0.5681120686787556,-0.5804294923078024,-0.5989120569780995,1
7,231,0,1,0,0,1.7602160821154045,-0.5804294925381316,-0.5989120572049601,4
91,62,0,1,0,1,1.7602160821154045,-0.5804294925381316,1.669694219873444,4
53,314,0,1,1,1,1.7602160821154045,1.7228621442976708,1.669694219873444,0
35,441,0,0,0,1,-0.5681120689115885,-0.5804294925381316,1.669694219873444,3
95,19,1,0,0,1,-0.5681120689115885,-0.5804294925381316,-0.5989120569780995,1
66,11,0,1,1,0,1.7602160821154045,1.7228621442976708,-0.5989120572049601,0
31,410,0,0,1,0,-0.5681120689115885,1.7228621442976708,-0.5989120572049601,2
2,485,0,1,0,1,1.7602160821154045,-0.5804294925381316,1.669694219873444,4
21,336,1,1,0,0,-0.5681120686787556,-0.5804294925381316,-0.5989120572049601,1
35,72,1,0,0,1,-0.5681120689115885,-0.5804294925381316,-0.5989120569780995,1
25,321,0,0,1,0,-0.5681120689115885,1.7228621442976708,-0.5989120572049601,2
34,133,1,1,1,1,-0.5681120686787556,-0.5804294923078024,-0.5989120569780995,1
27,119,0,0,1,1,-0.5681120689115885,1.7228621442976708,1.669694219873444,2
37,435,1,1,0,1,-0.5681120686787556,-0.5804294925381316,-0.5989120569780995,1
69,299,0,0,1,0,-0.5681120689115885,1.7228621442976708,-0.5989120572049601,2
88,183,1,0,0,1,-0.5681120689115885,-0.5804294925381316,-0.5989120569780995,1
47,218,0,0,0,1,-0.5681120689115885,-0.5804294925381316,1.669694219873444,3
39,250,0,0,0,1,-0.5681120689115885,-0.5804294925381316,1.669694219873444,3
10,316,0,0,1,1,-0.5681120689115885,1.7228621442976708,1.669694219873444,2
5,34,1,1,1,1,-0.5681120686787556,-0.5804294923078024,-0.5989120569780995,1
69,446,0,1,1,0,1.7602160821154045,1.7228621442976708,-0.5989120572049601,0
28,54,1,1,0,0,-0.5681120686787556,-0.5804294925381316,-0.5989120572049601,1
63,287,0,1,1,1,1.7602160821154045,1.7228621442976708,1.669694219873444,0
9,386,0,0,0,0,-0.5681120689115885,-0.5804294925381316,-0.5989120572049601,1
32,270,0,0,1,1,-0.5681120689115885,1.7228621442976708,1.669694219873444,2
78,19,0,1,0,0,1.7602160821154045,-0.5804294925381316,-0.5989120572049601,4
53,225,1,0,0,0,-0.5681120689115885,-0.5804294925381316,-0.5989120572049601,1
79,12,1,0,1,0,-0.5681120689115885,-0.5804294923078024,-0.5989120572049601,1
59,40,0,1,1,0,1.7602160821154045,1.7228621442976708,-0.5989120572049601,0
67,4,1,0,1,1,-0.5681120689115885,-0.5804294923078024,-0.5989120569780995,1
10,34,0,0,1,0,-0.5681120689115885,1.7228621442976708,-0.5989120572049601,2
92,388,0,1,1,1,1.7602160821154045,1.7228621442976708,1.669694219873444,0
12,26,1,0,0,1,-0.5681120689115885,-0.5804294925381316,-0.5989120569780995,1
21,144,1,0,0,1,-0.5681120689115885,-0.5804294925381316,-0.5989120569780995,1
23,348,0,0,1,0,-0.5681120689115885,1.7228621442976708,-0.5989120572049601,2
77,293,1,0,0,1,-0.5681120689115885,-0.5804294925381316,-0.5989120569780995,1
90,229,1,1,0,0,-0.5681120686787556,-0.5804294925381316,-0.5989120572049601,1
85,493,1,1,0,1,-0.5681120686787556,-0.5804294925381316,-0.5989120569780995,1
34,173,0,1,0,0,1.7602160821154045,-0.5804294925381316,-0.5989120572049601,4
99,37,1,1,1,0,-0.5681120686787556,-0.5804294923078024,-0.5989120572049601,1
62,175,1,1,0,1,-0.5681120686787556,-0.5804294925381316,-0.5989120569780995,1
32,240,0,1,1,0,1.7602160821154045,1.7228621442976708,-0.5989120572049601,0
61,194,1,0,0,0,-0.5681120689115885,-0.5804294925381316,-0.5989120572049601,1
88,353,0,1,1,0,1.7602160821154045,1.7228621442976708,-0.5989120572049601,0
5,483,0,0,0,1,-0.5681120689115885,-0.5804294925381316,1.669694219873444,3
92,207,0,0,0,0,-0.5681120689115885,-0.5804294925381316,-0.5989120572049601,1
39,225,1,0,1,1,-0.5681120689115885,-0.5804294923078024,-0.5989120569780995,1
46,42,1,0,1,0,-0.5681120689115885,-0.5804294923078024,-0.5989120572049601,1
75,451,0,1,1,1,1.7602160821154045,1.7228621442976708,1.669694219873444,0
80,332,0,1,0,0,1.7602160821154045,-0.5804294925381316,-0.5989120572049601,4
12,419,0,1,0,1,1.7602160821154045,-0.5804294925381316,1.669694219873444,4
64,449,1,1,0,1,-0.5681120686787556,-0.5804294925381316,-0.5989120569780995,1
21,143,0,1,1,1,1.7602160821154045,1.7228621442976708,1.669694219873444,0
4,306,1,1,0,0,-0.5681120686787556,-0.5804294925381316,-0.5989120572049601,1
25,479,1,0,0,0,-0.5681120689115885,-0.5804294925381316,-0.5989120572049601,1
57,462,1,0,1,0,-0.5681120689115885,-0.5804294923078024,-0.5989120572049601,1
10,333,0,0,1,1,-0.5681120689115885,1.7228621442976708,1.669694219873444,2
77,188,1,1,0,1,-0.5681120686787556,-0.5804294925381316,-0.5989120569780995,1
1,198,0,0,1,0,-0.5681120689115885,1.7228621442976708,-0.5989120572049601,2
8,278,0,0,1,1,-0.5681120689115885,1.7228621442976708,1.669694219873444,2
53,15,0,1,0,1,1.7602160821154045,-0.5804294925381316,1.669694219873444,4
55,336,1,0,0,0,-0.5681120689115885,-0.5804294925381316,-0.5989120572049601,1
80,45,0,1,1,1,1.7602160821154045,1.7228621442976708,1.669694219873444,0
34,472,1,0,0,0,-0.5681120689115885,-0.5804294925381316,-0.5989120572049601,1
95,302,1,0,1,1,-0.5681120689115885,-0.5804294923078024,-0.5989120569780995,1
60,477,1,0,1,1,-0.5681120689115885,-0.5804294923078024,-0.5989120569780995,1
60,334,1,1,1,0,-0.5681120686787556,-0.5804294923078024,-0.5989120572049601,1
47,418,1,0,1,1,-0.5681120689115885,-0.5804294923078024,-0.5989120569780995,1
35,396,1,0,1,0,-0.5681120689115885,-0.5804294923078024,-0.5989120572049601,1
20,137,0,1,1,1,1.7602160821154045,1.7228621442976708,1.669694219873444,0
5,374,1,0,1,0,-0.5681120689115885,-0.5804294923078024,-0.5989120572049601,1
96,431,1,1,1,1,-0.5681120686787556,-0.5804294923078024,-0.5989120569780995,1
61,489,1,1,0,0,-0.5681120686787556,-0.5804294925381316,-0.5989120572049601,1
43,281,1,0,0,0,-0.5681120689115885,-0.5804294925381316,-0.5989120572049601,1
98,174,0,1,1,1,1.7602160821154045,1.7228621442976708,1.669694219873444,0
33,251,1,0,0,1,-0.5681120689115885,-0.5804294925381316,-0.5989120569780995,1
25,92,1,1,1,0,-0.5681120686787556,-0.5804294923078024,-0.5989120572049601,1
47,142,0,0,0,1,-0.5681120689115885,-0.5804294925381316,1.669694219873444,3
3,197,0,0,0,0,-0.5681120689115885,-0.5804294925381316,-0.5989120572049601,1
81,429,0,0,0,0,-0.5681120689115885,-0.5804294925381316,-0.5989120572049601,1
75,226,1,0,0,0,-0.5681120689115885,-0.5804294925381316,-0.5989120572049601,1
29,35,1,1,1,0,-0.5681120686787556,-0.5804294923078024,-0.5989120572049601,1
42,221,1,0,1,0,-0.5681120689115885,-0.5804294923078024,-0.5989120572049601,1
79,298,1,1,0,0,-0.5681120686787556,-0.5804294925381316,-0.5989120572049601,1
13,473,1,1,0,1,-0.5681120686787556,-0.5804294925381316,-0.5989120569780995,1
88,221,0,1,0,0,1.7602160821154045,-0.5804294925381316,-0.5989120572049601,4
73,404,1,1,0,0,-0.5681120686787556,-0.5804294925381316,-0.5989120572049601,1
6,33,1,0,1,1,-0.5681120689115885,-0.5804294923078024,-0.5989120569780995,1
58,124,1,1,0,1,-0.5681120686787556,-0.5804294925381316,-0.5989120569780995,1
88,311,1,1,1,0,-0.5681120686787556,-0.5804294923078024,-0.5989120572049601,1
58,347,1,1,0,0,-0.5681120686787556,-0.5804294925381316,-0.5989120572049601,1
44,118,0,0,1,1,-0.5681120689115885,1.7228621442976708,1.669694219873444,2
1,314,1,1,0,0,-0.5681120686787556,-0.5804294925381316,-0.5989120572049601,1
24,27,1,0,1,1,-0.5681120689115885,-0.5804294923078024,-0.5989120569780995,1
5,418,0,0,1,1,-0.5681120689115885,1.7228621442976708,1.669694219873444,2
44,298,1,1,1,1,-0.5681120686787556,-0.5804294923078024,-0.5989120569780995,1
63,170,0,1,1,1,1.7602160821154045,1.7228621442976708,1.669694219873444,0
4,338,0,1,0,0,1.7602160821154045,-0.5804294925381316,-0.5989120572049601,4
21,242,1,1,1,1,-0.5681120686787556,-0.5804294923078024,-0.5989120569780995,1
76,82,0,0,0,1,-0.5681120689115885,-0.5804294925381316,1.669694219873444,3
75,194,0,1,0,1,1.7602160821154045,-0.5804294925381316,1.669694219873444,4
58,488,0,0,0,1,-0.5681120689115885,-0.5804294925381316,1.669694219873444,3
17,234,1,1,0,0,-0.5681120686787556,-0.5804294925381316,-0.5989120572049601,1
87,423,1,0,0,0,-0.5681120689115885,-0.5804294925381316,-0.5989120572049601,1
46,390,1,1,1,0,-0.5681120686787556,-0.5804294923078024,-0.5989120572049601,1
94,148,1,1,0,1,-0.5681120686787556,-0.5804294925381316,-0.5989120569780995,1
74,211,1,0,0,0,-0.5681120689115885,-0.5804294925381316,-0.5989120572049601,1
90,75,1,1,0,0,-0.5681120686787556,-0.5804294925381316,-0.5989120572049601,1
93,439,0,0,0,1,-0.5681120689115885,-0.5804294925381316,1.669694219873444,3
65,443,1,1,1,0,-0.5681120686787556,-0.5804294923078024,-0.5989120572049601,1
54,101,0,0,0,0,-0.5681120689115885,-0.5804294925381316,-0.5989120572049601,1
80,202,1,1,0,1,-0.5681120686787556,-0.5804294925381316,-0.5989120569780995,1
77,270,0,1,1,0,1.7602160821154045,1.7228621442976708,-0.5989120572049601,0
47,228,0,1,1,0,1.7602160821154045,1.7228621442976708,-0.5989120572049601,0
33,304,0,0,0,0,-0.5681120689115885,-0.5804294925381316,-0.5989120572049601,1
86,128,1,1,0,0,-0.5681120686787556,-0.5804294925381316,-0.5989120572049601,1
33,468,0,1,0,1,1.7602160821154045,-0.5804294925381316,1.669694219873444,4
21,376,0,0,1,1,-0.5681120689115885,1.7228621442976708,1.669694219873444,2
22,165,0,0,1,1,-0.5681120689115885,1.7228621442976708,1.669694219873444,2
44,404,1,0,0,0,-0.5681120689115885,-0.5804294925381316,-0.5989120572049601,1
94,194,0,1,1,1,1.7602160821154045,1.7228621442976708,1.669694219873444,0
52,378,0,1,0,0,1.7602160821154045,-0.5804294925381316,-0.5989120572049601,4
47,256,0,1,0,0,1.7602160821154045,-0.5804294925381316,-0.5989120572049601,4
77,108,1,1,0,0,-0.5681120686787556,-0.5804294925381316,-0.5989120572049601,1
60,103,0,0,1,1,-0.5681120689115885,1.7228621442976708,1.669694219873444,2
13,485,0,0,1,1,-0.5681120689115885,1.7228621442976708,1.669694219873444,2
67,107,1,1,1,0,-0.5681120686787556,-0.5804294923078024,-0.5989120572049601,1
24,49,1,1,0,1,-0.5681120686787556,-0.5804294925381316,-0.5989120569780995,1
64,77,1,1,0,0,-0.5681120686787556,-0.5804294925381316,-0.5989120572049601,1
54,359,0,0,0,0,-0.5681120689115885,-0.5804294925381316,-0.5989120572049601,1
90,140,0,1,1,0,1.7602160821154045,1.7228621442976708,-0.5989120572049601,0
25,216,1,1,1,0,-0.5681120686787556,-0.5804294923078024,-0.5989120572049601,1
30,390,1,0,0,0,-0.5681120689115885,-0.5804294925381316,-0.5989120572049601,1
73,78,1,0,0,1,-0.5681120689115885,-0.5804294925381316,-0.5989120569780995,1
83,81,1,1,0,1,-0.5681120686787556,-0.5804294925381316,-0.5989120569780995,1
60,5,0,0,1,0,-0.5681120689115885,1.7228621442976708,-0.5989120572049601,2
17,211,1,1,1,0,-0.5681120686787556,-0.5804294923078024,-0.5989120572049601,1
54,69,0,1,0,1,1.7602160821154045,-0.5804294925381316,1.669694219873444,4
86,231,0,0,0,1,-0.5681120689115885,-0.5804294925381316,1.669694219873444,3
63,465,0,0,1,0,-0.5681120689115885,1.7228621442976708,-0.5989120572049601,2
42,206,0,0,0,1,-0.5681120689115885,-0.5804294925381316,1.669694219873444,3
62,151,1,1,0,0,-0.5681120686787556,-0.5804294925381316,-0.5989120572049601,1
82,57,1,1,0,0,-0.5681120686787556,-0.5804294925381316,-0.5989120572049601,1
6,144,1,1,0,0,-0.5681120686787556,-0.5804294925381316,-0.5989120572049601,1
16,32,1,1,0,1,-0.5681120686787556,-0.5804294925381316,-0.5989120569780995,1
9,51,1,0,0,1,-0.5681120689115885,-0.5804294925381316,-0.5989120569780995,1
64,274,0,0,0,0,-0.5681120689115885,-0.5804294925381316,-0.5989120572049601,1
47,242,0,1,1,0,1.7602160821154045,1.7228621442976708,-0.5989120572049601,0
64,221,1,0,0,1,-0.5681120689115885,-0.5804294925381316,-0.5989120569780995,1
64,317,0,0,1,0,-0.5681120689115885,1.7228621442976708,-0.5989120572049601,2
66,292,1,0,0,0,-0.5681120689115885,-0.5804294925381316,-0.5989120572049601,1
24,281,1,0,1,1,-0.5681120689115885,-0.5804294923078024,-0.5989120569780995,1
2,151,1,0,1,1,-0.5681120689115885,-0.5804294923078024,-0.5989120569780995,1
14,290,1,0,1,1,-0.5681120689115885,-0.5804294923078024,-0.5989120569780995,1
84,414,1,1,0,0,-0.5681120686787556,-0.5804294925381316,-0.5989120572049601,1
64,17,1,1,1,1,-0.5681120686787556,-0.5804294923078024,-0.5989120569780995,1
48,416,0,0,0,1,-0.5681120689115885,-0.5804294925381316,1.669694219873444,3
47,264,0,1,1,0,1.7602160821154045,1.7228621442976708,-0.5989120572049601,0
74,193,1,0,1,1,-0.5681120689115885,-0.5804294923078024,-0.5989120569780995,1
71,370,1,1,0,1,-0.5681120686787556,-0.5804294925381316,-0.5989120569780995,1
55,38,0,0,0,1,-0.5681120689115885,-0.5804294925381316,1.669694219873444,3
25,460,1,1,0,1,-0.5681120686787556,-0.5804294925381316,-0.5989120569780995,1
46,167,1,0,1,1,-0.5681120689115885,-0.5804294923078024,-0.5989120569780995,1
67,166,1,0,1,0,-0.5681120689115885,-0.5804294923078024,-0.5989120572049601,1
40,312,0,0,0,1,-0.5681120689115885,-0.5804294925381316,1.669694219873444,3
92,306,1,1,0,1,-0.5681120686787556,-0.5804294925381316,-0.5989120569780995,1
80,115,1,1,0,0,-0.5681120686787556,-0.5804294925381316,-0.5989120572049601,1
12,243,1,1,0,1,-0.5681120686787556,-0.5804294925381316,-0.5989120569780995,1
67,39,0,1,0,1,1.7602160821154045,-0.5804294925381316,1.669694219873444,4
45,79,1,0,1,0,-0.5681120689115885,-0.5804294923078024,-0.5989120572049601,1
97,10,1,1,0,1,-0.5681120686787556,-0.5804294925381316,-0.5989120569780995,1
28,239,0,0,0,0,-0.5681120689115885,-0.5804294925381316,-0.5989120572049601,1
80,129,1,0,1,0,-0.5681120689115885,-0.5804294923078024,-0.5989120572049601,1
100,137,1,0,0,0,-0.5681120689115885,-0.5804294925381316,-0.5989120572049601,1
57,191,1,1,1,1,-0.5681120686787556,-0.5804294923078024,-0.5989120569780995,1
93,25,1,1,1,0,-0.5681120686787556,-0.5804294923078024,-0.5989120572049601,1
13,295,0,1,0,0,1.7602160821154045,-0.5804294925381316,-0.5989120572049601,4
79,51,0,0,0,0,-0.5681120689115885,-0.5804294925381316,-0.5989120572049601,1
49,146,0,1,1,0,1.7602160821154045,1.7228621442976708,-0.5989120572049601,0
67,268,0,1,1,0,1.7602160821154045,1.7228621442976708,-0.5989120572049601,0
86,339,0,0,0,1,-0.5681120689115885,-0.5804294925381316,1.669694219873444,3
88,47,0,0,0,0,-0.5681120689115885,-0.5804294925381316,-0.5989120572049601,1
25,28,1,1,1,1,-0.5681120686787556,-0.5804294923078024,-0.5989120569780995,1
88,460,1,1,1,0,-0.5681120686787556,-0.5804294923078024,-0.5989120572049601,1
81,308,1,1,0,0,-0.5681120686787556,-0.5804294925381316,-0.5989120572049601,1
18,262,1,1,0,0,-0.5681120686787556,-0.5804294925381316,-0.5989120572049601,1
48,371,0,1,1,1,1.7602160821154045,1.7228621442976708,1.669694219873444,0
37,79,1,1,0,0,-0.5681120686787556,-0.5804294925381316,-0.5989120572049601,1
63,290,1,1,1,0,-0.5681120686787556,-0.5804294923078024,-0.5989120572049601,1
63,6,1,1,1,0,-0.5681120686787556,-0.5804294923078024,-0.5989120572049601,1
81,277,1,0,0,0,-0.5681120689115885,-0.5804294925381316,-0.5989120572049601,1
20,200,0,0,0,0,-0.5681120689115885,-0.5804294925381316,-0.5989120572049601,1
100,323,0,1,0,0,1.7602160821154045,-0.5804294925381316,-0.5989120572049601,4
23,228,0,0,1,1,-0.5681120689115885,1.7228621442976708,1.669694219873444,2
4,172,0,0,0,1,-0.5681120689115885,-0.5804294925381316,1.669694219873444,3
71,458,1,1,1,0,-0.5681120686787556,-0.5804294923078024,-0.5989120572049601,1
4,377,0,1,1,1,1.7602160821154045,1.7228621442976708,1.669694219873444,0
41,379,0,0,0,0,-0.5681120689115885,-0.5804294925381316,-0.5989120572049601,1
45,197,0,1,1,1,1.7602160821154045,1.7228621442976708,1.669694219873444,0
12,320,0,0,1,0,-0.5681120689115885,1.7228621442976708,-0.5989120572049601,2
74,166,0,0,1,0,-0.5681120689115885,1.7228621442976708,-0.5989120572049601,2
31,250,1,1,0,0,-0.5681120686787556,-0.5804294925381316,-0.5989120572049601,1
57,269,0,0,1,1,-0.5681120689115885,1.7228621442976708,1.669694219873444,2
44,327,0,1,1,0,1.7602160821154045,1.7228621442976708,-0.5989120572049601,0
49,21,1,0,1,1,-0.5681120689115885,-0.5804294923078024,-0.5989120569780995,1
63,5,0,1,1,0,1.7602160821154045,1.7228621442976708,-0.5989120572049601,0
6,18,0,0,0,0,-0.5681120689115885,-0.5804294925381316,-0.5989120572049601,1
94,281,1,1,0,0,-0.5681120686787556,-0.5804294925381316,-0.5989120572049601,1
22,88,1,0,1,1,-0.5681120689115885,-0.5804294923078024,-0.5989120569780995,1
95,30,1,0,0,0,-0.5681120689115885,-0.5804294925381316,-0.5989120572049601,1
56,143,1,0,1,0,-0.5681120689115885,-0.5804294923078024,-0.5989120572049601,1
97,21,0,1,1,0,1.7602160821154045,1.7228621442976708,-0.5989120572049601,0
36,90,0,1,1,1,1.7602160821154045,1.7228621442976708,1.669694219873444,0
87,86,1,0,1,1,-0.5681120689115885,-0.5804294923078024,-0.5989120569780995,1
43,424,0,1,0,1,1.7602160821154045,-0.5804294925381316,1.669694219873444,4
67,88,1,1,1,1,-0.5681120686787556,-0.5804294923078024,-0.5989120569780995,1
91,454,1,0,1,0,-0.5681120689115885,-0.5804294923078024,-0.5989120572049601,1
72,146,1,1,0,0,-0.5681120686787556,-0.5804294925381316,-0.5989120572049601,1
7,454,0,0,1,1,-0.5681120689115885,1.7228621442976708,1.669694219873444,2
84,304,0,1,0,0,1.7602160821154045,-0.5804294925381316,-0.5989120572049601,4
52,273,0,1,1,0,1.7602160821154045,1.7228621442976708,-0.5989120572049601,0
93,78,0,1,1,1,1.7602160821154045,1.7228621442976708,1.669694219873444,0
23,9,0,0,0,1,-0.5681120689115885,-0.5804294925381316,1.669694219873444,3
82,120,1,1,0,1,-0.5681120686787556,-0.5804294925381316,-0.5989120569780995,1
40,77,0,1,1,0,1.7602160821154045,1.7228621442976708,-0.5989120572049601,0
91,265,1,0,1,1,-0.5681120689115885,-0.5804294923078024,-0.5989120569780995,1
3,335,0,1,1,0,1.7602160821154045,1.7228621442976708,-0.5989120572049601,0
6,138,1,1,0,1,-0.5681120686787556,-0.5804294925381316,-0.5989120569780995,1
90,319,0,0,1,0,-0.5681120689115885,1.7228621442976708,-0.5989120572049601,2
74,55,0,1,0,1,1.7602160821154045,-0.5804294925381316,1.669694219873444,4
70,198,0,1,0,1,1.7602160821154045,-0.5804294925381316,1.669694219873444,4
11,109,1,0,1,1,-0.5681120689115885,-0.5804294923078024,-0.5989120569780995,1
27,311,1,0,1,1,-0.5681120689115885,-0.5804294923078024,-0.5989120569780995,1
96,308,1,1,0,1,-0.5681120686787556,-0.5804294925381316,-0.5989120569780995,1
7,195,0,0,1,0,-0.5681120689115885,1.7228621442976708,-0.5989120572049601,2
74,152,1,0,1,0,-0.5681120689115885,-0.5804294923078024,-0.5989120572049601,1
2,395,1,1,1,0,-0.5681120686787556,-0.5804294923078024,-0.5989120572049601,1
45,55,1,1,0,0,-0.5681120686787556,-0.5804294925381316,-0.5989120572049601,1
13,461,0,1,1,0,1.7602160821154045,1.7228621442976708,-0.5989120572049601,0
59,458,1,1,0,0,-0.5681120686787556,-0.5804294925381316,-0.5989120572049601,1
24,324,1,0,1,0,-0.5681120689115885,-0.5804294923078024,-0.5989120572049601,1
27,211,0,1,0,1,1.7602160821154045,-0.5804294925381316,1.669694219873444,4
36,426,1,1,1,1,-0.5681120686787556,-0.5804294923078024,-0.5989120569780995,1
80,94,0,1,0,0,1.7602160821154045,-0.5804294925381316,-0.5989120572049601,4
13,223,0,0,0,1,-0.5681120689115885,-0.5804294925381316,1.669694219873444,3
25,209,1,0,0,1,-0.5681120689115885,-0.5804294925381316,-0.5989120569780995,1
19,364,0,0,0,1,-0.5681120689115885,-0.5804294925381316,1.669694219873444,3
33,353,0,0,1,0,-0.5681120689115885,1.7228621442976708,-0.5989120572049601,2
23,25,0,0,1,1,-0.5681120689115885,1.7228621442976708,1.669694219873444,2
69,282,1,0,0,1,-0.5681120689115885,-0.5804294925381316,-0.5989120569780995,1
4,102,0,1,0,0,1.7602160821154045,-0.5804294925381316,-0.5989120572049601,4
9,101,0,0,1,0,-0.5681120689115885,1.7228621442976708,-0.5989120572049601,2
98,475,1,0,1,0,-0.5681120689115885,-0.5804294923078024,-0.5989120572049601,1
30,69,1,0,1,1,-0.5681120689115885,-0.5804294923078024,-0.5989120569780995,1
50,270,1,1,1,1,-0.5681120686787556,-0.5804294923078024,-0.5989120569780995,1
17,445,1,1,1,1,-0.5681120686787556,-0.5804294923078024,-0.5989120569780995,1
94,55,0,0,1,0,-0.5681120689115885,1.7228621442976708,-0.5989120572049601,2
52,409,1,1,0,1,-0.5681120686787556,-0.5804294925381316,-0.5989120569780995,1
68,255,0,0,1,1,-0.5681120689115885,1.7228621442976708,1.669694219873444,2
31,197,0,0,1,1,-0.5681120689115885,1.7228621442976708,1.669694219873444,2
9,437,0,1,0,1,1.7602160821154045,-0.5804294925381316,1.669694219873444,4
56,278,0,0,0,0,-0.5681120689115885,-0.5804294925381316,-0.5989120572049601,1
15,489,0,0,0,0,-0.5681120689115885,-0.5804294925381316,-0.5989120572049601,1
71,102,0,1,0,1,1.7602160821154045,-0.5804294925381316,1.669694219873444,4
16,384,0,1,0,0,1.7602160821154045,-0.5804294925381316,-0.5989120572049601,4
24,36,0,1,0,0,1.7602160821154045,-0.5804294925381316,-0.5989120572049601,4
13,280,0,0,0,0,-0.5681120689115885,-0.5804294925381316,-0.5989120572049601,1
95,293,0,1,0,0,1.7602160821154045,-0.5804294925381316,-0.5989120572049601,4
40,364,0,1,0,1,1.7602160821154045,-0.5804294925381316,1.669694219873444,4
77,132,0,1,0,0,1.7602160821154045,-0.5804294925381316,-0.5989120572049601,4
91,451,0,0,1,1,-0.5681120689115885,1.7228621442976708,1.669694219873444,2
93,490,1,1,1,1,-0.5681120686787556,-0.5804294923078024,-0.5989120569780995,1
38,96,0,0,0,0,-0.5681120689115885,-0.5804294925381316,-0.5989120572049601,1
12,17,0,0,0,0,-0.5681120689115885,-0.5804294925381316,-0.5989120572049601,1
86,142,0,0,1,0,-0.5681120689115885,1.7228621442976708,-0.5989120572049601,2
85,446,1,1,1,0,-0.5681120686787556,-0.5804294923078024,-0.5989120572049601,1
61,385,0,0,0,0,-0.5681120689115885,-0.5804294925381316,-0.5989120572049601,1
65,101,1,0,0,0,-0.5681120689115885,-0.5804294925381316,-0.5989120572049601,1
88,269,1,0,1,0,-0.5681120689115885,-0.5804294923078024,-0.5989120572049601,1
4,420,1,0,0,0,-0.5681120689115885,-0.5804294925381316,-0.5989120572049601,1
54,472,1,0,1,0,-0.5681120689115885,-0.5804294923078024,-0.5989120572049601,1
84,350,1,1,1,1,-0.5681120686787556,-0.5804294923078024,-0.5989120569780995,1
52,294,0,1,0,1,1.7602160821154045,-0.5804294925381316,1.669694219873444,4
56,66,1,1,1,1,-0.5681120686787556,-0.5804294923078024,-0.5989120569780995,1
36,311,0,0,1,0,-0.5681120689115885,1.7228621442976708,-0.5989120572049601,2
57,183,0,0,1,1,-0.5681120689115885,1.7228621442976708,1.669694219873444,2
16,128,1,0,1,0,-0.5681120689115885,-0.5804294923078024,-0.5989120572049601,1
25,295,0,1,1,0,1.7602160821154045,1.7228621442976708,-0.5989120572049601,0
60,336,1,1,1,1,-0.5681120686787556,-0.5804294923078024,-0.5989120569780995,1
80,294,1,0,1,1,-0.5681120689115885,-0.5804294923078024,-0.5989120569780995,1
71,499,1,1,0,0,-0.5681120686787556,-0.5804294925381316,-0.5989120572049601,1
19,294,1,1,0,1,-0.5681120686787556,-0.5804294925381316,-0.5989120569780995,1
50,294,1,1,1,0,-0.5681120686787556,-0.5804294923078024,-0.5989120572049601,1
25,348,0,1,1,1,1.7602160821154045,1.7228621442976708,1.669694219873444,0
47,137,1,1,1,1,-0.5681120686787556,-0.5804294923078024,-0.5989120569780995,1
85,289,1,0,0,0,-0.5681120689115885,-0.5804294925381316,-0.5989120572049601,1
70,343,1,0,0,0,-0.5681120689115885,-0.5804294925381316,-0.5989120572049601,1
30,289,1,1,1,0,-0.5681120686787556,-0.5804294923078024,-0.5989120572049601,1
27,97,0,1,1,1,1.7602160821154045,1.7228621442976708,1.669694219873444,0
53,295,1,0,0,1,-0.5681120689115885,-0.5804294925381316,-0.5989120569780995,1
95,170,0,0,0,1,-0.5681120689115885,-0.5804294925381316,1.669694219873444,3
80,154,1,0,1,0,-0.5681120689115885,-0.5804294923078024,-0.5989120572049601,1
95,244,0,0,1,1,-0.5681120689115885,1.7228621442976708,1.669694219873444,2
92,58,0,0,1,1,-0.5681120689115885,1.7228621442976708,1.669694219873444,2
56,221,1,0,0,0,-0.5681120689115885,-0.5804294925381316,-0.5989120572049601,1
41,28,0,0,0,1,-0.5681120689115885,-0.5804294925381316,1.669694219873444,3
18,295,1,0,0,1,-0.5681120689115885,-0.5804294925381316,-0.5989120569780995,1
97,13,0,1,1,0,1.7602160821154045,1.7228621442976708,-0.5989120572049601,0
27,331,1,1,0,1,-0.5681120686787556,-0.5804294925381316,-0.5989120569780995,1
34,161,1,1,0,1,-0.5681120686787556,-0.5804294925381316,-0.5989120569780995,1
69,54,1,1,1,0,-0.5681120686787556,-0.5804294923078024,-0.5989120572049601,1
20,327,0,1,0,0,1.7602160821154045,-0.5804294925381316,-0.5989120572049601,4
86,121,0,0,0,1,-0.5681120689115885,-0.5804294925381316,1.669694219873444,3
44,351,0,1,1,1,1.7602160821154045,1.7228621442976708,1.669694219873444,0
78,6,1,0,0,1,-0.5681120689115885,-0.5804294925381316,-0.5989120569780995,1
35,453,0,0,1,1,-0.5681120689115885,1.7228621442976708,1.669694219873444,2
47,283,1,0,1,1,-0.5681120689115885,-0.5804294923078024,-0.5989120569780995,1
23,61,1,1,1,0,-0.5681120686787556,-0.5804294923078024,-0.5989120572049601,1
14,108,0,0,0,0,-0.5681120689115885,-0.5804294925381316,-0.5989120572049601,1
27,60,0,0,1,0,-0.5681120689115885,1.7228621442976708,-0.5989120572049601,2
34,278,1,0,0,1,-0.5681120689115885,-0.5804294925381316,-0.5989120569780995,1
74,253,1,0,0,1,-0.5681120689115885,-0.5804294925381316,-0.5989120569780995,1
6,121,0,0,0,1,-0.5681120689115885,-0.5804294925381316,1.669694219873444,3
35,182,0,1,0,1,1.7602160821154045,-0.5804294925381316,1.669694219873444,4
75,465,1,0,0,1,-0.5681120689115885,-0.5804294925381316,-0.5989120569780995,1
13,244,0,1,1,0,1.7602160821154045,1.7228621442976708,-0.5989120572049601,0
61,12,1,1,0,1,-0.5681120686787556,-0.5804294925381316,-0.5989120569780995,1
69,64,0,1,0,1,1.7602160821154045,-0.5804294925381316,1.669694219873444,4
11,152,0,1,0,1,1.7602160821154045,-0.5804294925381316,1.669694219873444,4
29,280,1,1,0,1,-0.5681120686787556,-0.5804294925381316,-0.5989120569780995,1
58,387,1,1,1,0,-0.5681120686787556,-0.5804294923078024,-0.5989120572049601,1
17,69,0,0,0,1,-0.5681120689115885,-0.5804294925381316,1.669694219873444,3
44,376,0,0,0,1,-0.5681120689115885,-0.5804294925381316,1.669694219873444,3
43,178,1,1,0,1,-0.5681120686787556,-0.5804294925381316,-0.5989120569780995,1
88,53,1,0,0,0,-0.5681120689115885,-0.5804294925381316,-0.5989120572049601,1
100,306,1,0,0,1,-0.5681120689115885,-0.5804294925381316,-0.5989120569780995,1
19,365,0,0,0,1,-0.5681120689115885,-0.5804294925381316,1.669694219873444,3
13,22,1,1,1,1,-0.5681120686787556,-0.5804294923078024,-0.5989120569780995,1
28,224,1,0,1,1,-0.5681120689115885,-0.5804294923078024,-0.5989120569780995,1
37,485,1,0,1,1,-0.5681120689115885,-0.5804294923078024,-0.5989120569780995,1
30,271,0,0,1,0,-0.5681120689115885,1.7228621442976708,-0.5989120572049601,2
76,158,0,0,1,0,-0.5681120689115885,1.7228621442976708,-0.5989120572049601,2
50,438,0,0,0,0,-0.5681120689115885,-0.5804294925381316,-0.5989120572049601,1
84,229,1,0,0,1,-0.5681120689115885,-0.5804294925381316,-0.5989120569780995,1
11,345,0,0,0,0,-0.5681120689115885,-0.5804294925381316,-0.5989120572049601,1
12,352,0,1,0,1,1.7602160821154045,-0.5804294925381316,1.669694219873444,4
70,48,0,0,1,1,-0.5681120689115885,1.7228621442976708,1.669694219873444,2
45,168,1,0,1,0,-0.5681120689115885,-0.5804294923078024,-0.5989120572049601,1
43,63,0,1,1,1,1.7602160821154045,1.7228621442976708,1.669694219873444,0
19,99,0,1,0,0,1.7602160821154045,-0.5804294925381316,-0.5989120572049601,4
6,112,1,0,0,0,-0.5681120689115885,-0.5804294925381316,-0.5989120572049601,1
6,459,1,1,0,0,-0.5681120686787556,-0.5804294925381316,-0.5989120572049601,1
16,342,1,0,0,1,-0.5681120689115885,-0.5804294925381316,-0.5989120569780995,1
68,457,1,0,0,0,-0.5681120689115885,-0.5804294925381316,-0.5989120572049601,1
98,443,1,1,1,1,-0.5681120686787556,-0.5804294923078024,-0.5989120569780995,1
85,25,0,1,1,1,1.7602160821154045,1.7228621442976708,1.669694219873444,0
72,20,0,0,1,1,-0.5681120689115885,1.7228621442976708,1.669694219873444,2
9,137,0,1,0,0,1.7602160821154045,-0.5804294925381316,-0.5989120572049601,4
84,424,0,1,1,0,1.7602160821154045,1.7228621442976708,-0.5989120572049601,0
68,496,1,0,1,1,-0.5681120689115885,-0.5804294923078024,-0.5989120569780995,1
30,443,1,0,0,1,-0.5681120689115885,-0.5804294925381316,-0.5989120569780995,1
26,453,1,1,1,1,-0.5681120686787556,-0.5804294923078024,-0.5989120569780995,1
25,275,1,1,1,0,-0.5681120686787556,-0.5804294923078024,-0.5989120572049601,1
25,194,1,1,1,1,-0.5681120686787556,-0.5804294923078024,-0.5989120569780995,1
78,114,0,0,0,1,-0.5681120689115885,-0.5804294925381316,1.669694219873444,3
99,167,1,1,1,0,-0.5681120686787556,-0.5804294923078024,-0.5989120572049601,1
42,442,0,1,1,0,1.7602160821154045,1.7228621442976708,-0.5989120572049601,0
25,422,1,1,1,1,-0.5681120686787556,-0.5804294923078024,-0.5989120569780995,1
100,15,0,1,1,0,1.7602160821154045,1.7228621442976708,-0.5989120572049601,0
45,243,0,1,1,0,1.7602160821154045,1.7228621442976708,-0.5989120572049601,0
39,310,1,1,1,0,-0.5681120686787556,-0.5804294923078024,-0.5989120572049601,1
48,224,0,0,0,1,-0.5681120689115885,-0.5804294925381316,1.669694219873444,3
14,162,1,1,1,0,-0.5681120686787556,-0.5804294923078024,-0.5989120572049601,1
51,141,0,0,1,1,-0.5681120689115885,1.7228621442976708,1.669694219873444,2
89,115,0,0,0,0,-0.5681120689115885,-0.5804294925381316,-0.5989120572049601,1
4,217,1,1,0,0,-0.5681120686787556,-0.5804294925381316,-0.5989120572049601,1
36,332,1,1,1,1,-0.5681120686787556,-0.5804294923078024,-0.5989120569780995,1
66,196,1,1,1,1,-0.5681120686787556,-0.5804294923078024,-0.5989120569780995,1
17,405,0,0,1,1,-0.5681120689115885,1.7228621442976708,1.669694219873444,2
56,408,1,0,1,0,-0.5681120689115885,-0.5804294923078024,-0.5989120572049601,1
23,492,1,0,1,0,-0.5681120689115885,-0.5804294923078024,-0.5989120572049601,1
52,47,0,1,0,0,1.7602160821154045,-0.5804294925381316,-0.5989120572049601,4
56,160,1,1,0,0,-0.5681120686787556,-0.5804294925381316,-0.5989120572049601,1
94,131,0,0,1,1,-0.5681120689115885,1.7228621442976708,1.669694219873444,2
98,57,0,0,0,1,-0.5681120689115885,-0.5804294925381316,1.669694219873444,3
10,255,0,0,1,1,-0.5681120689115885,1.7228621442976708,1.669694219873444,2
80,185,1,1,1,1,-0.5681120686787556,-0.5804294923078024,-0.5989120569780995,1
72,451,0,0,1,1,-0.5681120689115885,1.7228621442976708,1.669694219873444,2
81,117,1,1,0,1,-0.5681120686787556,-0.5804294925381316,-0.5989120569780995,1
19,196,1,0,1,0,-0.5681120689115885,-0.5804294923078024,-0.5989120572049601,1
11,398,0,0,1,0,-0.5681120689115885,1.7228621442976708,-0.5989120572049601,2
10,432,1,0,0,0,-0.5681120689115885,-0.5804294925381316,-0.5989120572049601,1
35,391,0,1,0,1,1.7602160821154045,-0.5804294925381316,1.669694219873444,4
90,113,1,1,0,1,-0.5681120686787556,-0.5804294925381316,-0.5989120569780995,1
37,275,1,0,0,1,-0.5681120689115885,-0.5804294925381316,-0.5989120569780995,1
37,76,1,0,1,1,-0.5681120689115885,-0.5804294923078024,-0.5989120569780995,1
41,157,0,0,0,0,-0.5681120689115885,-0.5804294925381316,-0.5989120572049601,1
87,320,1,0,0,0,-0.5681120689115885,-0.5804294925381316,-0.5989120572049601,1
2,174,0,1,0,0,1.7602160821154045,-0.5804294925381316,-0.5989120572049601,4
33,172,0,0,1,1,-0.5681120689115885,1.7228621442976708,1.669694219873444,2
66,305,0,1,0,0,1.7602160821154045,-0.5804294925381316,-0.5989120572049601,4
56,313,0,1,0,0,1.7602160821154045,-0.5804294925381316,-0.5989120572049601,4
85,73,1,1,0,1,-0.5681120686787556,-0.5804294925381316,-0.5989120569780995,1
59,126,0,1,0,1,1.7602160821154045,-0.5804294925381316,1.669694219873444,4
67,330,0,1,1,0,1.7602160821154045,1.7228621442976708,-0.5989120572049601,0
29,431,1,0,0,0,-0.5681120689115885,-0.5804294925381316,-0.5989120572049601,1
14,299,1,0,0,0,-0.5681120689115885,-0.5804294925381316,-0.5989120572049601,1
45,280,0,1,1,1,1.7602160821154045,1.7228621442976708,1.669694219873444,0
28,494,1,1,0,1,-0.5681120686787556,-0.5804294925381316,-0.5989120569780995,1
77,58,0,0,1,1,-0.5681120689115885,1.7228621442976708,1.669694219873444,2
31,174,1,0,0,0,-0.5681120689115885,-0.5804294925381316,-0.5989120572049601,1
71,242,0,1,1,0,1.7602160821154045,1.7228621442976708,-0.5989120572049601,0
15,316,0,1,1,1,1.7602160821154045,1.7228621442976708,1.669694219873444,0
80,477,1,1,1,1,-0.5681120686787556,-0.5804294923078024,-0.5989120569780995,1
26,361,1,0,0,0,-0.5681120689115885,-0.5804294925381316,-0.5989120572049601,1
72,128,1,1,0,1,-0.5681120686787556,-0.5804294925381316,-0.5989120569780995,1
40,434,1,1,0,1,-0.5681120686787556,-0.5804294925381316,-0.5989120569780995,1
98,279,1,0,0,0,-0.5681120689115885,-0.5804294925381316,-0.5989120572049601,1
88,4,0,0,0,0,-0.5681120689115885,-0.5804294925381316,-0.5989120572049601,1
68,38,1,0,0,0,-0.5681120689115885,-0.5804294925381316,-0.5989120572049601,1
25,253,0,1,0,1,1.7602160821154045,-0.5804294925381316,1.669694219873444,4
59,465,0,1,0,1,1.7602160821154045,-0.5804294925381316,1.669694219873444,4
39,205,0,1,1,0,1.7602160821154045,1.7228621442976708,-0.5989120572049601,0
34,422,0,1,1,1,1.7602160821154045,1.7228621442976708,1.669694219873444,0
95,12,0,1,0,0,1.7602160821154045,-0.5804294925381316,-0.5989120572049601,4
6,65,1,1,0,0,-0.5681120686787556,-0.5804294925381316,-0.5989120572049601,1
88,189,0,1,1,0,1.7602160821154045,1.7228621442976708,-0.5989120572049601,0
24,27,0,0,1,1,-0.5681120689115885,1.7228621442976708,1.669694219873444,2
42,85,1,0,0,0,-0.5681120689115885,-0.5804294925381316,-0.5989120572049601,1
74,486,1,1,1,1,-0.5681120686787556,-0.5804294923078024,-0.5989120569780995,1
45,123,0,1,0,1,1.7602160821154045,-0.5804294925381316,1.669694219873444,4
14,433,1,1,1,0,-0.5681120686787556,-0.5804294923078024,-0.5989120572049601,1
26,254,0,0,0,0,-0.5681120689115885,-0.5804294925381316,-0.5989120572049601,1
9,157,1,1,0,0,-0.5681120686787556,-0.5804294925381316,-0.5989120572049601,1
26,133,0,0,0,1,-0.5681120689115885,-0.5804294925381316,1.669694219873444,3
17,484,1,1,1,0,-0.5681120686787556,-0.5804294923078024,-0.5989120572049601,1
97,291,1,1,0,0,-0.5681120686787556,-0.5804294925381316,-0.5989120572049601,1
41,430,1,0,1,1,-0.5681120689115885,-0.5804294923078024,-0.5989120569780995,1
32,414,1,0,0,1,-0.5681120689115885,-0.5804294925381316,-0.5989120569780995,1
29,396,1,0,1,0,-0.5681120689115885,-0.5804294923078024,-0.5989120572049601,1
91,48,1,0,1,0,-0.5681120689115885,-0.5804294923078024,-0.5989120572049601,1
47,55,0,0,0,1,-0.5681120689115885,-0.5804294925381316,1.669694219873444,3
59,144,0,0,1,1,-0.5681120689115885,1.7228621442976708,1.669694219873444,2
53,205,0,1,0,1,1.7602160821154045,-0.5804294925381316,1.669694219873444,4
21,414,0,0,0,0,-0.5681120689115885,-0.5804294925381316,-0.5989120572049601,1
58,198,1,0,1,0,-0.5681120689115885,-0.5804294923078024,-0.5989120572049601,1
44,1,1,0,1,1,-0.5681120689115885,-0.5804294923078024,-0.5989120569780995,1
81,471,0,0,1,1,-0.5681120689115885,1.7228621442976708,1.669694219873444,2
33,405,1,0,1,0,-0.5681120689115885,-0.5804294923078024,-0.5989120572049601,1
21,43,0,0,1,0,-0.5681120689115885,1.7228621442976708,-0.5989120572049601,2
73,387,0,1,0,0,1.7602160821154045,-0.5804294925381316,-0.5989120572049601,4
55,459,0,1,0,1,1.7602160821154045,-0.5804294925381316,1.669694219873444,4
91,389,1,1,0,1,-0.5681120686787556,-0.5804294925381316,-0.5989120569780995,1
10,242,1,1,1,1,-0.5681120686787556,-0.5804294923078024,-0.5989120569780995,1
54,64,1,0,1,1,-0.5681120689115885,-0.5804294923078024,-0.5989120569780995,1
32,468,1,0,0,0,-0.5681120689115885,-0.5804294925381316,-0.5989120572049601,1
70,322,1,0,0,0,-0.5681120689115885,-0.5804294925381316,-0.5989120572049601,1
86,371,1,1,0,1,-0.5681120686787556,-0.5804294925381316,-0.5989120569780995,1
79,117,1,1,1,1,-0.5681120686787556,-0.5804294923078024,-0.5989120569780995,1
28,97,0,1,1,1,1.7602160821154045,1.7228621442976708,1.669694219873444,0
19,24,0,1,0,0,1.7602160821154045,-0.5804294925381316,-0.5989120572049601,4
83,143,1,0,1,1,-0.5681120689115885,-0.5804294923078024,-0.5989120569780995,1
3,57,0,0,0,0,-0.5681120689115885,-0.5804294925381316,-0.5989120572049601,1
20,300,1,0,1,1,-0.5681120689115885,-0.5804294923078024,-0.5989120569780995,1
8,57,0,1,1,1,1.7602160821154045,1.7228621442976708,1.669694219873444,0
13,4,1,1,0,1,-0.5681120686787556,-0.5804294925381316,-0.5989120569780995,1
70,135,0,0,0,1,-0.5681120689115885,-0.5804294925381316,1.669694219873444,3
82,139,0,0,0,1,-0.5681120689115885,-0.5804294925381316,1.669694219873444,3
56,434,0,0,0,0,-0.5681120689115885,-0.5804294925381316,-0.5989120572049601,1
50,106,1,0,0,0,-0.5681120689115885,-0.5804294925381316,-0.5989120572049601,1
56,109,0,0,1,0,-0.5681120689115885,1.7228621442976708,-0.5989120572049601,2
60,327,1,0,0,1,-0.5681120689115885,-0.5804294925381316,-0.5989120569780995,1
41,385,0,1,1,1,1.7602160821154045,1.7228621442976708,1.669694219873444,0
85,9,0,1,0,1,1.7602160821154045,-0.5804294925381316,1.669694219873444,4
7,123,0,1,0,0,1.7602160821154045,-0.5804294925381316,-0.5989120572049601,4
51,473,0,1,0,0,1.7602160821154045,-0.5804294925381316,-0.5989120572049601,4
99,413,0,0,0,0,-0.5681120689115885,-0.5804294925381316,-0.5989120572049601,1
84,393,1,1,1,0,-0.5681120686787556,-0.5804294923078024,-0.5989120572049601,1
8,1,1,1,1,0,-0.5681120686787556,-0.5804294923078024,-0.5989120572049601,1
61,300,0,1,0,1,1.7602160821154045,-0.5804294925381316,1.669694219873444,4
91,258,0,0,1,0,-0.5681120689115885,1.7228621442976708,-0.5989120572049601,2
18,488,1,1,0,0,-0.5681120686787556,-0.5804294925381316,-0.5989120572049601,1
41,133,0,1,1,0,1.7602160821154045,1.7228621442976708,-0.5989120572049601,0
27,161,0,0,0,1,-0.5681120689115885,-0.5804294925381316,1.669694219873444,3
11,411,0,1,0,0,1.7602160821154045,-0.5804294925381316,-0.5989120572049601,4
10,389,0,0,0,1,-0.5681120689115885,-0.5804294925381316,1.669694219873444,3
11,86,1,1,1,0,-0.5681120686787556,-0.5804294923078024,-0.5989120572049601,1
38,122,0,1,1,1,1.7602160821154045,1.7228621442976708,1.669694219873444,0
95,348,1,0,0,1,-0.5681120689115885,-0.5804294925381316,-0.5989120569780995,1
33,265,1,1,1,0,-0.5681120686787556,-0.5804294923078024,-0.5989120572049601,1
71,114,1,1,0,1,-0.5681120686787556,-0.5804294925381316,-0.5989120569780995,1
82,68,0,0,1,1,-0.5681120689115885,1.7228621442976708,1.669694219873444,2
35,183,1,0,0,0,-0.5681120689115885,-0.5804294925381316,-0.5989120572049601,1
6,217,1,0,0,1,-0.5681120689115885,-0.5804294925381316,-0.5989120569780995,1
46,201,1,0,0,1,-0.5681120689115885,-0.5804294925381316,-0.5989120569780995,1
37,461,1,1,0,1,-0.5681120686787556,-0.5804294925381316,-0.5989120569780995,1
65,205,1,0,0,0,-0.5681120689115885,-0.5804294925381316,-0.5989120572049601,1
17,316,1,0,0,0,-0.5681120689115885,-0.5804294925381316,-0.5989120572049601,1
83,233,1,1,1,1,-0.5681120686787556,-0.5804294923078024,-0.5989120569780995,1
90,314,0,0,1,0,-0.5681120689115885,1.7228621442976708,-0.5989120572049601,2
87,243,0,1,1,0,1.7602160821154045,1.7228621442976708,-0.5989120572049601,0
90,393,0,0,1,1,-0.5681120689115885,1.7228621442976708,1.669694219873444,2
73,391,1,0,0,1,-0.5681120689115885,-0.5804294925381316,-0.5989120569780995,1
8,479,0,0,0,0,-0.5681120689115885,-0.5804294925381316,-0.5989120572049601,1
69,259,0,0,0,0,-0.5681120689115885,-0.5804294925381316,-0.5989120572049601,1
34,25,1,1,0,1,-0.5681120686787556,-0.5804294925381316,-0.5989120569780995,1
5,115,1,0,0,1,-0.5681120689115885,-0.5804294925381316,-0.5989120569780995,1
68,245,1,1,0,0,-0.5681120686787556,-0.5804294925381316,-0.5989120572049601,1
59,12,0,0,1,1,-0.5681120689115885,1.7228621442976708,1.669694219873444,2
14,68,0,1,1,0,1.7602160821154045,1.7228621442976708,-0.5989120572049601,0
77,267,0,0,1,0,-0.5681120689115885,1.7228621442976708,-0.5989120572049601,2
3,174,0,1,1,1,1.7602160821154045,1.7228621442976708,1.669694219873444,0
41,287,0,1,0,0,1.7602160821154045,-0.5804294925381316,-0.5989120572049601,4
59,30,1,1,0,1,-0.5681120686787556,-0.5804294925381316,-0.5989120569780995,1
72,368,0,0,1,0,-0.5681120689115885,1.7228621442976708,-0.5989120572049601,2
71,469,0,0,0,0,-0.5681120689115885,-0.5804294925381316,-0.5989120572049601,1
93,150,1,1,1,1,-0.5681120686787556,-0.5804294923078024,-0.5989120569780995,1
15,497,0,1,0,0,1.7602160821154045,-0.5804294925381316,-0.5989120572049601,4
24,213,1,1,1,1,-0.5681120686787556,-0.5804294923078024,-0.5989120569780995,1
44,145,0,1,0,0,1.7602160821154045,-0.5804294925381316,-0.5989120572049601,4
93,32,1,0,0,0,-0.5681120689115885,-0.5804294925381316,-0.5989120572049601,1
57,425,1,0,0,1,-0.5681120689115885,-0.5804294925381316,-0.5989120569780995,1
78,400,0,1,1,0,1.7602160821154045,1.7228621442976708,-0.5989120572049601,0
100,214,1,1,0,1,-0.5681120686787556,-0.5804294925381316,-0.5989120569780995,1
97,186,0,1,1,1,1.7602160821154045,1.7228621442976708,1.669694219873444,0
79,4,1,1,1,1,-0.5681120686787556,-0.5804294923078024,-0.5989120569780995,1
41,424,0,0,0,1,-0.5681120689115885,-0.5804294925381316,1.669694219873444,3
19,376,0,0,1,1,-0.5681120689115885,1.7228621442976708,1.669694219873444,2
28,47,0,0,1,1,-0.5681120689115885,1.7228621442976708,1.669694219873444,2
12,103,0,0,1,0,-0.5681120689115885,1.7228621442976708,-0.5989120572049601,2
10,353,1,0,0,1,-0.5681120689115885,-0.5804294925381316,-0.5989120569780995,1
25,314,1,0,0,0,-0.5681120689115885,-0.5804294925381316,-0.5989120572049601,1
11,386,1,1,1,1,-0.5681120686787556,-0.5804294923078024,-0.5989120569780995,1
43,256,1,0,0,0,-0.5681120689115885,-0.5804294925381316,-0.5989120572049601,1
81,66,1,1,1,0,-0.5681120686787556,-0.5804294923078024,-0.5989120572049601,1
89,438,1,0,0,0,-0.5681120689115885,-0.5804294925381316,-0.5989120572049601,1
29,239,0,0,1,0,-0.5681120689115885,1.7228621442976708,-0.5989120572049601,2
82,337,1,1,0,1,-0.5681120686787556,-0.5804294925381316,-0.5989120569780995,1
11,258,1,0,0,1,-0.5681120689115885,-0.5804294925381316,-0.5989120569780995,1
17,300,0,1,0,0,1.7602160821154045,-0.5804294925381316,-0.5989120572049601,4
26,246,0,0,0,1,-0.5681120689115885,-0.5804294925381316,1.669694219873444,3
10,490,0,1,0,1,1.7602160821154045,-0.5804294925381316,1.669694219873444,4
69,257,1,0,0,0,-0.5681120689115885,-0.5804294925381316,-0.5989120572049601,1
5,321,1,1,0,0,-0.5681120686787556,-0.5804294925381316,-0.5989120572049601,1
85,91,1,1,1,1,-0.5681120686787556,-0.5804294923078024,-0.5989120569780995,1
5,104,0,0,0,0,-0.5681120689115885,-0.5804294925381316,-0.5989120572049601,1
87,357,0,0,0,1,-0.5681120689115885,-0.5804294925381316,1.669694219873444,3
35,217,0,0,0,1,-0.5681120689115885,-0.5804294925381316,1.669694219873444,3
18,307,0,0,0,1,-0.5681120689115885,-0.5804294925381316,1.669694219873444,3
63,8,1,1,1,1,-0.5681120686787556,-0.5804294923078024,-0.5989120569780995,1
94,152,0,1,0,1,1.7602160821154045,-0.5804294925381316,1.669694219873444,4
41,55,1,0,1,1,-0.5681120689115885,-0.5804294923078024,-0.5989120569780995,1
42,249,1,1,0,1,-0.5681120686787556,-0.5804294925381316,-0.5989120569780995,1
60,157,0,1,0,0,1.7602160821154045,-0.5804294925381316,-0.5989120572049601,4
87,261,0,1,1,0,1.7602160821154045,1.7228621442976708,-0.5989120572049601,0
74,220,0,1,1,0,1.7602160821154045,1.7228621442976708,-0.5989120572049601,0
10,447,0,0,0,0,-0.5681120689115885,-0.5804294925381316,-0.5989120572049601,1
65,215,1,0,1,1,-0.5681120689115885,-0.5804294923078024,-0.5989120569780995,1
29,423,0,0,1,0,-0.5681120689115885,1.7228621442976708,-0.5989120572049601,2
21,433,1,1,1,1,-0.5681120686787556,-0.5804294923078024,-0.5989120569780995,1
2,30,1,1,1,1,-0.5681120686787556,-0.5804294923078024,-0.5989120569780995,1
4,311,0,1,0,0,1.7602160821154045,-0.5804294925381316,-0.5989120572049601,4
13,192,0,0,1,0,-0.5681120689115885,1.7228621442976708,-0.5989120572049601,2
30,141,0,0,1,0,-0.5681120689115885,1.7228621442976708,-0.5989120572049601,2
46,79,0,0,1,1,-0.5681120689115885,1.7228621442976708,1.669694219873444,2
35,330,0,0,0,0,-0.5681120689115885,-0.5804294925381316,-0.5989120572049601,1
43,83,0,0,1,1,-0.5681120689115885,1.7228621442976708,1.669694219873444,2
70,423,0,0,1,1,-0.5681120689115885,1.7228621442976708,1.669694219873444,2
30,156,0,0,0,1,-0.5681120689115885,-0.5804294925381316,1.669694219873444,3
35,133,0,1,1,1,1.7602160821154045,1.7228621442976708,1.669694219873444,0
50,173,1,1,1,0,-0.5681120686787556,-0.5804294923078024,-0.5989120572049601,1
7,154,0,1,0,1,1.7602160821154045,-0.5804294925381316,1.669694219873444,4
40,184,1,0,0,1,-0.5681120689115885,-0.5804294925381316,-0.5989120569780995,1
99,442,0,1,1,1,1.7602160821154045,1.7228621442976708,1.669694219873444,0
88,338,0,1,1,1,1.7602160821154045,1.7228621442976708,1.669694219873444,0
33,93,1,0,1,0,-0.5681120689115885,-0.5804294923078024,-0.5989120572049601,1
74,279,0,1,0,0,1.7602160821154045,-0.5804294925381316,-0.5989120572049601,4
75,469,1,0,0,1,-0.5681120689115885,-0.5804294925381316,-0.5989120569780995,1
6,46,0,0,0,1,-0.5681120689115885,-0.5804294925381316,1.669694219873444,3
78,481,1,0,0,0,-0.5681120689115885,-0.5804294925381316,-0.5989120572049601,1
33,9,1,0,1,1,-0.5681120689115885,-0.5804294923078024,-0.5989120569780995,1
33,94,0,1,0,1,1.7602160821154045,-0.5804294925381316,1.669694219873444,4
18,197,0,1,1,0,1.7602160821154045,1.7228621442976708,-0.5989120572049601,0
94,161,1,0,1,0,-0.5681120689115885,-0.5804294923078024,-0.5989120572049601,1
38,41,1,1,0,0,-0.5681120686787556,-0.5804294925381316,-0.5989120572049601,1
75,48,0,0,0,1,-0.5681120689115885,-0.5804294925381316,1.669694219873444,3
78,217,0,0,0,0,-0.5681120689115885,-0.5804294925381316,-0.5989120572049601,1
84,453,1,1,1,1,-0.5681120686787556,-0.5804294923078024,-0.5989120569780995,1
88,24,1,1,1,1,-0.5681120686787556,-0.5804294923078024,-0.5989120569780995,1
96,373,1,0,0,0,-0.5681120689115885,-0.5804294925381316,-0.5989120572049601,1
40,399,1,0,0,0,-0.5681120689115885,-0.5804294925381316,-0.5989120572049601,1
35,157,0,1,1,1,1.7602160821154045,1.7228621442976708,1.669694219873444,0
4,251,1,1,0,1,-0.5681120686787556,-0.5804294925381316,-0.5989120569780995,1
65,203,1,0,0,1,-0.5681120689115885,-0.5804294925381316,-0.5989120569780995,1
66,469,1,1,1,0,-0.5681120686787556,-0.5804294923078024,-0.5989120572049601,1
1,414,0,1,1,1,1.7602160821154045,1.7228621442976708,1.669694219873444,0
10,480,0,1,0,1,1.7602160821154045,-0.5804294925381316,1.669694219873444,4
59,143,1,0,0,0,-0.5681120689115885,-0.5804294925381316,-0.5989120572049601,1
55,463,0,0,1,0,-0.5681120689115885,1.7228621442976708,-0.5989120572049601,2
79,203,0,1,1,1,1.7602160821154045,1.7228621442976708,1.669694219873444,0
45,455,0,0,1,0,-0.5681120689115885,1.7228621442976708,-0.5989120572049601,2
73,327,1,1,1,0,-0.5681120686787556,-0.5804294923078024,-0.5989120572049601,1
28,88,0,1,0,0,1.7602160821154045,-0.5804294925381316,-0.5989120572049601,4
68,341,0,1,0,1,1.7602160821154045,-0.5804294925381316,1.669694219873444,4
93,139,0,1,1,1,1.7602160821154045,1.7228621442976708,1.669694219873444,0
36,368,0,0,1,1,-0.5681120689115885,1.7228621442976708,1.669694219873444,2
53,57,0,0,0,0,-0.5681120689115885,-0.5804294925381316,-0.5989120572049601,1
36,452,1,1,1,0,-0.5681120686787556,-0.5804294923078024,-0.5989120572049601,1
19,26,0,0,1,1,-0.5681120689115885,1.7228621442976708,1.669694219873444,2
1,138,0,1,1,0,1.7602160821154045,1.7228621442976708,-0.5989120572049601,0
9,241,1,1,1,1,-0.5681120686787556,-0.5804294923078024,-0.5989120569780995,1
62,394,1,0,1,0,-0.5681120689115885,-0.5804294923078024,-0.5989120572049601,1
36,6,1,1,0,0,-0.5681120686787556,-0.5804294925381316,-0.5989120572049601,1
21,135,1,0,0,1,-0.5681120689115885,-0.5804294925381316,-0.5989120569780995,1
82,398,0,1,0,0,1.7602160821154045,-0.5804294925381316,-0.5989120572049601,4
27,250,0,1,0,0,1.7602160821154045,-0.5804294925381316,-0.5989120572049601,4
66,319,0,1,1,0,1.7602160821154045,1.7228621442976708,-0.5989120572049601,0
84,492,0,1,0,1,1.7602160821154045,-0.5804294925381316,1.669694219873444,4
83,439,1,1,0,0,-0.5681120686787556,-0.5804294925381316,-0.5989120572049601,1
81,388,0,1,0,1,1.7602160821154045,-0.5804294925381316,1.669694219873444,4
40,302,1,1,1,1,-0.5681120686787556,-0.5804294923078024,-0.5989120569780995,1
7,288,0,1,1,1,1.7602160821154045,1.7228621442976708,1.669694219873444,0
59,431,1,1,0,1,-0.5681120686787556,-0.5804294925381316,-0.5989120569780995,1
71,446,0,0,0,1,-0.5681120689115885,-0.5804294925381316,1.669694219873444,3
84,282,0,0,0,1,-0.5681120689115885,-0.5804294925381316,1.669694219873444,3
62,29,1,1,1,0,-0.5681120686787556,-0.5804294923078024,-0.5989120572049601,1
48,153,0,1,0,0,1.7602160821154045,-0.5804294925381316,-0.5989120572049601,4
80,463,1,1,1,1,-0.5681120686787556,-0.5804294923078024,-0.5989120569780995,1
38,112,0,0,0,0,-0.5681120689115885,-0.5804294925381316,-0.5989120572049601,1
19,269,0,1,1,0,1.7602160821154045,1.7228621442976708,-0.5989120572049601,0
21,31,0,1,0,0,1.7602160821154045,-0.5804294925381316,-0.5989120572049601,4
10,208,0,0,1,0,-0.5681120689115885,1.7228621442976708,-0.5989120572049601,2
24,385,1,1,1,1,-0.5681120686787556,-0.5804294923078024,-0.5989120569780995,1
32,323,0,1,1,1,1.7602160821154045,1.7228621442976708,1.669694219873444,0
49,50,1,0,1,0,-0.5681120689115885,-0.5804294923078024,-0.5989120572049601,1
48,228,1,1,1,1,-0.5681120686787556,-0.5804294923078024,-0.5989120569780995,1
41,301,0,0,1,1,-0.5681120689115885,1.7228621442976708,1.669694219873444,2
33,424,0,0,0,1,-0.5681120689115885,-0.5804294925381316,1.669694219873444,3
30,150,1,1,1,0,-0.5681120686787556,-0.5804294923078024,-0.5989120572049601,1
60,275,0,0,1,0,-0.5681120689115885,1.7228621442976708,-0.5989120572049601,2
25,426,0,1,0,0,1.7602160821154045,-0.5804294925381316,-0.5989120572049601,4
16,451,0,0,1,0,-0.5681120689115885,1.7228621442976708,-0.5989120572049601,2
54,455,1,0,1,1,-0.5681120689115885,-0.5804294923078024,-0.5989120569780995,1
59,139,0,0,0,0,-0.5681120689115885,-0.5804294925381316,-0.5989120572049601,1
34,1,1,0,1,1,-0.5681120689115885,-0.5804294923078024,-0.5989120569780995,1
19,100,1,0,1,0,-0.5681120689115885,-0.5804294923078024,-0.5989120572049601,1
37,165,1,0,1,1,-0.5681120689115885,-0.5804294923078024,-0.5989120569780995,1
2,173,0,1,1,1,1.7602160821154045,1.7228621442976708,1.669694219873444,0
11,120,1,0,1,0,-0.5681120689115885,-0.5804294923078024,-0.5989120572049601,1
77,117,1,0,1,0,-0.5681120689115885,-0.5804294923078024,-0.5989120572049601,1
21,483,0,0,1,0,-0.5681120689115885,1.7228621442976708,-0.5989120572049601,2
16,24,0,0,0,1,-0.5681120689115885,-0.5804294925381316,1.669694219873444,3
13,82,1,0,1,1,-0.5681120689115885,-0.5804294923078024,-0.5989120569780995,1
48,410,1,0,0,0,-0.5681120689115885,-0.5804294925381316,-0.5989120572049601,1
86,150,0,1,0,0,1.7602160821154045,-0.5804294925381316,-0.5989120572049601,4
53,254,0,0,0,0,-0.5681120689115885,-0.5804294925381316,-0.5989120572049601,1
47,300,1,1,0,0,-0.5681120686787556,-0.5804294925381316,-0.5989120572049601,1
56,336,1,1,0,0,-0.5681120686787556,-0.5804294925381316,-0.5989120572049601,1
22,294,0,0,0,0,-0.5681120689115885,-0.5804294925381316,-0.5989120572049601,1
65,19,0,0,0,1,-0.5681120689115885,-0.5804294925381316,1.669694219873444,3
84,159,1,1,1,0,-0.5681120686787556,-0.5804294923078024,-0.5989120572049601,1
45,10,0,0,1,1,-0.5681120689115885,1.7228621442976708,1.669694219873444,2
86,277,1,1,1,1,-0.5681120686787556,-0.5804294923078024,-0.5989120569780995,1
91,57,0,0,1,0,-0.5681120689115885,1.7228621442976708,-0.5989120572049601,2
73,61,1,0,0,0,-0.5681120689115885,-0.5804294925381316,-0.5989120572049601,1
100,110,0,0,1,1,-0.5681120689115885,1.7228621442976708,1.669694219873444,2
47,443,0,0,0,1,-0.5681120689115885,-0.5804294925381316,1.669694219873444,3
47,243,0,1,1,1,1.7602160821154045,1.7228621442976708,1.669694219873444,0
96,444,0,1,0,0,1.7602160821154045,-0.5804294925381316,-0.5989120572049601,4
24,399,0,0,1,1,-0.5681120689115885,1.7228621442976708,1.669694219873444,2
34,285,1,0,1,0,-0.5681120689115885,-0.5804294923078024,-0.5989120572049601,1
28,270,1,1,1,1,-0.5681120686787556,-0.5804294923078024,-0.5989120569780995,1
23,308,0,0,1,1,-0.5681120689115885,1.7228621442976708,1.669694219873444,2
62,395,0,1,1,1,1.7602160821154045,1.7228621442976708,1.669694219873444,0
100,201,1,1,0,0,-0.5681120686787556,-0.5804294925381316,-0.5989120572049601,1
64,340,0,1,1,1,1.7602160821154045,1.7228621442976708,1.669694219873444,0
31,419,0,0,1,1,-0.5681120689115885,1.7228621442976708,1.669694219873444,2
64,333,1,1,1,0,-0.5681120686787556,-0.5804294923078024,-0.5989120572049601,1
93,460,1,0,1,0,-0.5681120689115885,-0.5804294923078024,-0.5989120572049601,1
67,191,1,0,0,0,-0.5681120689115885,-0.5804294925381316,-0.5989120572049601,1
93,77,1,0,0,0,-0.5681120689115885,-0.5804294925381316,-0.5989120572049601,1
29,399,0,0,0,1,-0.5681120689115885,-0.5804294925381316,1.669694219873444,3
71,263,1,1,0,0,-0.5681120686787556,-0.5804294925381316,-0.5989120572049601,1
72,425,0,0,1,1,-0.5681120689115885,1.7228621442976708,1.669694219873444,2
79,189,1,1,0,1,-0.5681120686787556,-0.5804294925381316,-0.5989120569780995,1
50,410,1,0,1,0,-0.5681120689115885,-0.5804294923078024,-0.5989120572049601,1
97,447,1,0,0,1,-0.5681120689115885,-0.5804294925381316,-0.5989120569780995,1
66,479,1,1,1,0,-0.5681120686787556,-0.5804294923078024,-0.5989120572049601,1
10,197,0,1,1,1,1.7602160821154045,1.7228621442976708,1.669694219873444,0
26,362,0,1,0,1,1.7602160821154045,-0.5804294925381316,1.669694219873444,4
6,210,0,1,1,1,1.7602160821154045,1.7228621442976708,1.669694219873444,0
79,418,1,0,0,0,-0.5681120689115885,-0.5804294925381316,-0.5989120572049601,1
47,497,1,1,0,0,-0.5681120686787556,-0.5804294925381316,-0.5989120572049601,1
40,479,0,1,1,1,1.7602160821154045,1.7228621442976708,1.669694219873444,0
98,194,0,0,0,0,-0.5681120689115885,-0.5804294925381316,-0.5989120572049601,1
46,26,1,0,1,0,-0.5681120689115885,-0.5804294923078024,-0.5989120572049601,1
32,159,0,0,1,1,-0.5681120689115885,1.7228621442976708,1.669694219873444,2
34,173,1,0,1,1,-0.5681120689115885,-0.5804294923078024,-0.5989120569780995,1
20,207,1,1,0,1,-0.5681120686787556,-0.5804294925381316,-0.5989120569780995,1
93,123,1,1,1,1,-0.5681120686787556,-0.5804294923078024,-0.5989120569780995,1
28,232,0,0,0,1,-0.5681120689115885,-0.5804294925381316,1.669694219873444,3
60,219,1,1,0,1,-0.5681120686787556,-0.5804294925381316,-0.5989120569780995,1
31,160,1,1,0,0,-0.5681120686787556,-0.5804294925381316,-0.5989120572049601,1
8,224,0,0,1,0,-0.5681120689115885,1.7228621442976708,-0.5989120572049601,2
30,156,1,0,1,1,-0.5681120689115885,-0.5804294923078024,-0.5989120569780995,1
53,231,0,1,1,1,1.7602160821154045,1.7228621442976708,1.669694219873444,0
4,34,0,0,1,1,-0.5681120689115885,1.7228621442976708,1.669694219873444,2
2,91,1,1,0,1,-0.5681120686787556,-0.5804294925381316,-0.5989120569780995,1
36,67,1,1,1,0,-0.5681120686787556,-0.5804294923078024,-0.5989120572049601,1
85,342,1,1,0,0,-0.5681120686787556,-0.5804294925381316,-0.5989120572049601,1
80,444,0,0,0,0,-0.5681120689115885,-0.5804294925381316,-0.5989120572049601,1
15,424,0,0,1,0,-0.5681120689115885,1.7228621442976708,-0.5989120572049601,2
82,403,0,0,1,1,-0.5681120689115885,1.7228621442976708,1.669694219873444,2
2,497,0,1,1,0,1.7602160821154045,1.7228621442976708,-0.5989120572049601,0
36,349,1,1,1,0,-0.5681120686787556,-0.5804294923078024,-0.5989120572049601,1
88,476,0,1,0,1,1.7602160821154045,-0.5804294925381316,1.669694219873444,4
34,157,0,1,0,0,1.7602160821154045,-0.5804294925381316,-0.5989120572049601,4
80,432,0,1,1,0,1.7602160821154045,1.7228621442976708,-0.5989120572049601,0
68,157,0,1,1,1,1.7602160821154045,1.7228621442976708,1.669694219873444,0
60,325,1,0,0,1,-0.5681120689115885,-0.5804294925381316,-0.5989120569780995,1
79,500,1,1,0,0,-0.5681120686787556,-0.5804294925381316,-0.5989120572049601,1
3,299,1,1,1,0,-0.5681120686787556,-0.5804294923078024,-0.5989120572049601,1
83,347,0,0,0,0,-0.5681120689115885,-0.5804294925381316,-0.5989120572049601,1
77,154,0,0,0,1,-0.5681120689115885,-0.5804294925381316,1.669694219873444,3
4,26,0,0,0,1,-0.5681120689115885,-0.5804294925381316,1.669694219873444,3
74,427,0,1,1,1,1.7602160821154045,1.7228621442976708,1.669694219873444,0
10,406,0,1,0,0,1.7602160821154045,-0.5804294925381316,-0.5989120572049601,4
76,466,0,1,1,1,1.7602160821154045,1.7228621442976708,1.669694219873444,0
5,415,1,1,0,0,-0.5681120686787556,-0.5804294925381316,-0.5989120572049601,1
66,322,1,1,0,1,-0.5681120686787556,-0.5804294925381316,-0.5989120569780995,1
64,233,1,0,0,0,-0.5681120689115885,-0.5804294925381316,-0.5989120572049601,1
35,169,0,1,0,0,1.7602160821154045,-0.5804294925381316,-0.5989120572049601,4
42,291,1,0,1,0,-0.5681120689115885,-0.5804294923078024,-0.5989120572049601,1
86,471,0,0,0,1,-0.5681120689115885,-0.5804294925381316,1.669694219873444,3
84,27,1,0,1,0,-0.5681120689115885,-0.5804294923078024,-0.5989120572049601,1
54,249,1,0,1,1,-0.5681120689115885,-0.5804294923078024,-0.5989120569780995,1
96,231,1,1,0,1,-0.5681120686787556,-0.5804294925381316,-0.5989120569780995,1
34,98,1,0,1,1,-0.5681120689115885,-0.5804294923078024,-0.5989120569780995,1
28,433,0,0,0,1,-0.5681120689115885,-0.5804294925381316,1.669694219873444,3
97,185,1,0,1,0,-0.5681120689115885,-0.5804294923078024,-0.5989120572049601,1
52,180,1,1,0,1,-0.5681120686787556,-0.5804294925381316,-0.5989120569780995,1
69,42,1,1,1,1,-0.5681120686787556,-0.5804294923078024,-0.5989120569780995,1
29,289,1,1,1,0,-0.5681120686787556,-0.5804294923078024,-0.5989120572049601,1
44,500,0,1,0,1,1.7602160821154045,-0.5804294925381316,1.669694219873444,4
67,228,0,1,1,0,1.7602160821154045,1.7228621442976708,-0.5989120572049601,0
37,91,1,0,0,0,-0.5681120689115885,-0.5804294925381316,-0.5989120572049601,1
2,438,1,1,1,0,-0.5681120686787556,-0.5804294923078024,-0.5989120572049601,1
80,120,1,0,0,0,-0.5681120689115885,-0.5804294925381316,-0.5989120572049601,1
84,473,0,0,1,0,-0.5681120689115885,1.7228621442976708,-0.5989120572049601,2
58,63,0,0,1,1,-0.5681120689115885,1.7228621442976708,1.669694219873444,2
73,165,0,1,0,1,1.7602160821154045,-0.5804294925381316,1.669694219873444,4
96,304,0,1,1,1,1.7602160821154045,1.7228621442976708,1.669694219873444,0
84,259,0,0,0,0,-0.5681120689115885,-0.5804294925381316,-0.5989120572049601,1
17,193,1,1,1,1,-0.5681120686787556,-0.5804294923078024,-0.5989120569780995,1
95,83,1,1,0,1,-0.5681120686787556,-0.5804294925381316,-0.5989120569780995,1
95,174,0,0,1,0,-0.5681120689115885,1.7228621442976708,-0.5989120572049601,2
27,241,0,0,0,1,-0.5681120689115885,-0.5804294925381316,1.669694219873444,3
87,460,1,1,1,0,-0.5681120686787556,-0.5804294923078024,-0.5989120572049601,1
60,347,1,1,0,0,-0.5681120686787556,-0.5804294925381316,-0.5989120572049601,1
33,296,1,0,1,0,-0.5681120689115885,-0.5804294923078024,-0.5989120572049601,1
5,318,0,0,0,0,-0.5681120689115885,-0.5804294925381316,-0.5989120572049601,1
100,446,0,0,1,1,-0.5681120689115885,1.7228621442976708,1.669694219873444,2
49,401,1,1,0,1,-0.5681120686787556,-0.5804294925381316,-0.5989120569780995,1
5,138,1,0,1,0,-0.5681120689115885,-0.5804294923078024,-0.5989120572049601,1
8,273,1,1,0,0,-0.5681120686787556,-0.5804294925381316,-0.5989120572049601,1
55,74,0,1,1,1,1.7602160821154045,1.7228621442976708,1.669694219873444,0
59,388,0,0,1,1,-0.5681120689115885,1.7228621442976708,1.669694219873444,2
43,460,1,1,1,0,-0.5681120686787556,-0.5804294923078024,-0.5989120572049601,1
41,258,0,1,0,0,1.7602160821154045,-0.5804294925381316,-0.5989120572049601,4
46,136,0,1,0,1,1.7602160821154045,-0.5804294925381316,1.669694219873444,4
69,91,0,0,1,0,-0.5681120689115885,1.7228621442976708,-0.5989120572049601,2
44,357,0,1,1,1,1.7602160821154045,1.7228621442976708,1.669694219873444,0
80,361,0,0,1,0,-0.5681120689115885,1.7228621442976708,-0.5989120572049601,2
7,273,0,0,0,1,-0.5681120689115885,-0.5804294925381316,1.669694219873444,3
48,459,1,1,0,0,-0.5681120686787556,-0.5804294925381316,-0.5989120572049601,1
36,437,0,0,0,1,-0.5681120689115885,-0.5804294925381316,1.669694219873444,3
28,132,1,1,0,0,-0.5681120686787556,-0.5804294925381316,-0.5989120572049601,1
8,119,0,0,1,1,-0.5681120689115885,1.7228621442976708,1.669694219873444,2
14,417,1,0,0,1,-0.5681120689115885,-0.5804294925381316,-0.5989120569780995,1
79,465,1,0,1,1,-0.5681120689115885,-0.5804294923078024,-0.5989120569780995,1
71,499,1,0,1,0,-0.5681120689115885,-0.5804294923078024,-0.5989120572049601,1
46,141,1,0,1,1,-0.5681120689115885,-0.5804294923078024,-0.5989120569780995,1
81,353,1,1,0,0,-0.5681120686787556,-0.5804294925381316,-0.5989120572049601,1
73,33,0,1,0,0,1.7602160821154045,-0.5804294925381316,-0.5989120572049601,4
44,260,0,1,0,1,1.7602160821154045,-0.5804294925381316,1.669694219873444,4
25,401,0,1,1,0,1.7602160821154045,1.7228621442976708,-0.5989120572049601,0
48,356,1,0,0,0,-0.5681120689115885,-0.5804294925381316,-0.5989120572049601,1
35,176,1,0,0,1,-0.5681120689115885,-0.5804294925381316,-0.5989120569780995,1
17,122,1,1,1,0,-0.5681120686787556,-0.5804294923078024,-0.5989120572049601,1
63,14,0,0,0,0,-0.5681120689115885,-0.5804294925381316,-0.5989120572049601,1
82,414,0,1,1,0,1.7602160821154045,1.7228621442976708,-0.5989120572049601,0
62,234,1,0,0,0,-0.5681120689115885,-0.5804294925381316,-0.5989120572049601,1
38,352,1,1,0,0,-0.5681120686787556,-0.5804294925381316,-0.5989120572049601,1
74,466,0,1,1,1,1.7602160821154045,1.7228621442976708,1.669694219873444,0
59,100,1,0,1,1,-0.5681120689115885,-0.5804294923078024,-0.5989120569780995,1
53,496,0,1,0,0,1.7602160821154045,-0.5804294925381316,-0.5989120572049601,4
100,233,0,1,1,0,1.7602160821154045,1.7228621442976708,-0.5989120572049601,0
99,13,0,0,0,1,-0.5681120689115885,-0.5804294925381316,1.669694219873444,3
83,96,1,0,1,0,-0.5681120689115885,-0.5804294923078024,-0.5989120572049601,1
40,141,0,1,0,1,1.7602160821154045,-0.5804294925381316,1.669694219873444,4
30,336,1,1,1,1,-0.5681120686787556,-0.5804294923078024,-0.5989120569780995,1
80,141,1,1,0,1,-0.5681120686787556,-0.5804294925381316,-0.5989120569780995,1
80,180,0,0,1,0,-0.5681120689115885,1.7228621442976708,-0.5989120572049601,2
1,473,0,1,1,1,1.7602160821154045,1.7228621442976708,1.669694219873444,0
11,216,0,1,0,0,1.7602160821154045,-0.5804294925381316,-0.5989120572049601,4
43,139,0,1,1,1,1.7602160821154045,1.7228621442976708,1.669694219873444,0
94,23,1,1,0,0,-0.5681120686787556,-0.5804294925381316,-0.5989120572049601,1
83,196,1,1,1,1,-0.5681120686787556,-0.5804294923078024,-0.5989120569780995,1
98,313,1,1,0,1,-0.5681120686787556,-0.5804294925381316,-0.5989120569780995,1
93,325,0,1,1,0,1.7602160821154045,1.7228621442976708,-0.5989120572049601,0
5,284,0,0,0,1,-0.5681120689115885,-0.5804294925381316,1.669694219873444,3
39,381,0,0,1,1,-0.5681120689115885,1.7228621442976708,1.669694219873444,2
35,112,0,1,1,0,1.7602160821154045,1.7228621442976708,-0.5989120572049601,0
94,66,1,0,1,1,-0.5681120689115885,-0.5804294923078024,-0.5989120569780995,1
70,28,0,1,0,1,1.7602160821154045,-0.5804294925381316,1.669694219873444,4
57,203,1,1,0,0,-0.5681120686787556,-0.5804294925381316,-0.5989120572049601,1
8,125,1,1,1,0,-0.5681120686787556,-0.5804294923078024,-0.5989120572049601,1
26,375,0,0,0,1,-0.5681120689115885,-0.5804294925381316,1.669694219873444,3
83,243,0,0,1,0,-0.5681120689115885,1.7228621442976708,-0.5989120572049601,2
86,146,0,0,1,1,-0.5681120689115885,1.7228621442976708,1.669694219873444,2
51,199,1,0,0,1,-0.5681120689115885,-0.5804294925381316,-0.5989120569780995,1
58,340,1,1,0,1,-0.5681120686787556,-0.5804294925381316,-0.5989120569780995,1
94,287,0,0,0,0,-0.5681120689115885,-0.5804294925381316,-0.5989120572049601,1
100,14,0,1,0,0,1.7602160821154045,-0.5804294925381316,-0.5989120572049601,4
81,164,1,1,1,0,-0.5681120686787556,-0.5804294923078024,-0.5989120572049601,1
40,129,0,0,0,0,-0.5681120689115885,-0.5804294925381316,-0.5989120572049601,1
68,67,0,1,0,0,1.7602160821154045,-0.5804294925381316,-0.5989120572049601,4
67,446,0,0,1,0,-0.5681120689115885,1.7228621442976708,-0.5989120572049601,2
62,46,1,0,1,0,-0.5681120689115885,-0.5804294923078024,-0.5989120572049601,1
52,45,1,0,1,0,-0.5681120689115885,-0.5804294923078024,-0.5989120572049601,1
13,446,1,1,1,0,-0.5681120686787556,-0.5804294923078024,-0.5989120572049601,1
23,305,0,0,1,1,-0.5681120689115885,1.7228621442976708,1.669694219873444,2
27,434,0,0,1,0,-0.5681120689115885,1.7228621442976708,-0.5989120572049601,2
49,144,0,0,1,0,-0.5681120689115885,1.7228621442976708,-0.5989120572049601,2
64,422,1,1,0,0,-0.5681120686787556,-0.5804294925381316,-0.5989120572049601,1
14,265,0,0,1,0,-0.5681120689115885,1.7228621442976708,-0.5989120572049601,2
27,114,1,1,1,1,-0.5681120686787556,-0.5804294923078024,-0.5989120569780995,1
31,478,1,1,1,1,-0.5681120686787556,-0.5804294923078024,-0.5989120569780995,1
3,380,0,0,0,1,-0.5681120689115885,-0.5804294925381316,1.669694219873444,3
37,453,1,1,0,0,-0.5681120686787556,-0.5804294925381316,-0.5989120572049601,1
99,101,0,1,0,0,1.7602160821154045,-0.5804294925381316,-0.5989120572049601,4
20,494,0,1,1,1,1.7602160821154045,1.7228621442976708,1.669694219873444,0
34,256,0,1,0,1,1.7602160821154045,-0.5804294925381316,1.669694219873444,4
42,139,0,0,0,0,-0.5681120689115885,-0.5804294925381316,-0.5989120572049601,1
35,126,0,1,0,0,1.7602160821154045,-0.5804294925381316,-0.5989120572049601,4
94,108,1,0,0,0,-0.5681120689115885,-0.5804294925381316,-0.5989120572049601,1
53,73,1,0,0,0,-0.5681120689115885,-0.5804294925381316,-0.5989120572049601,1
85,396,1,1,0,1,-0.5681120686787556,-0.5804294925381316,-0.5989120569780995,1
19,160,0,0,0,1,-0.5681120689115885,-0.5804294925381316,1.669694219873444,3
9,26,1,1,1,0,-0.5681120686787556,-0.5804294923078024,-0.5989120572049601,1
17,11,0,1,0,1,1.7602160821154045,-0.5804294925381316,1.669694219873444,4
21,256,0,0,0,1,-0.5681120689115885,-0.5804294925381316,1.669694219873444,3
1,267,1,0,0,0,-0.5681120689115885,-0.5804294925381316,-0.5989120572049601,1
55,273,1,0,0,1,-0.5681120689115885,-0.5804294925381316,-0.5989120569780995,1
26,148,1,1,1,0,-0.5681120686787556,-0.5804294923078024,-0.5989120572049601,1
60,322,1,1,0,1,-0.5681120686787556,-0.5804294925381316,-0.5989120569780995,1
47,361,1,1,0,1,-0.5681120686787556,-0.5804294925381316,-0.5989120569780995,1
97,152,0,1,0,1,1.7602160821154045,-0.5804294925381316,1.669694219873444,4
60,284,0,0,1,1,-0.5681120689115885,1.7228621442976708,1.669694219873444,2
33,138,1,0,1,1,-0.5681120689115885,-0.5804294923078024,-0.5989120569780995,1
43,262,0,1,1,0,1.7602160821154045,1.7228621442976708,-0.5989120572049601,0
50,401,1,1,0,1,-0.5681120686787556,-0.5804294925381316,-0.5989120569780995,1
18,332,1,0,0,1,-0.5681120689115885,-0.5804294925381316,-0.5989120569780995,1
97,65,0,0,0,1,-0.5681120689115885,-0.5804294925381316,1.669694219873444,3
98,86,0,0,1,0,-0.5681120689115885,1.7228621442976708,-0.5989120572049601,2
35,221,0,0,0,0,-0.5681120689115885,-0.5804294925381316,-0.5989120572049601,1
88,94,0,1,1,1,1.7602160821154045,1.7228621442976708,1.669694219873444,0
77,326,0,1,0,0,1.7602160821154045,-0.5804294925381316,-0.5989120572049601,4
50,116,1,1,1,1,-0.5681120686787556,-0.5804294923078024,-0.5989120569780995,1
49,422,1,0,0,0,-0.5681120689115885,-0.5804294925381316,-0.5989120572049601,1
97,78,1,0,0,1,-0.5681120689115885,-0.5804294925381316,-0.5989120569780995,1
93,481,0,0,1,1,-0.5681120689115885,1.7228621442976708,1.669694219873444,2
32,139,0,1,0,1,1.7602160821154045,-0.5804294925381316,1.669694219873444,4
47,162,0,0,0,1,-0.5681120689115885,-0.5804294925381316,1.669694219873444,3
98,457,1,0,1,0,-0.5681120689115885,-0.5804294923078024,-0.5989120572049601,1
10,115,1,0,1,1,-0.5681120689115885,-0.5804294923078024,-0.5989120569780995,1
84,227,1,1,0,1,-0.5681120686787556,-0.5804294925381316,-0.5989120569780995,1
79,40,0,1,1,1,1.7602160821154045,1.7228621442976708,1.669694219873444,0
74,199,1,0,0,1,-0.5681120689115885,-0.5804294925381316,-0.5989120569780995,1
34,14,1,1,0,0,-0.5681120686787556,-0.5804294925381316,-0.5989120572049601,1
32,30,0,0,0,1,-0.5681120689115885,-0.5804294925381316,1.669694219873444,3
73,405,1,0,1,1,-0.5681120689115885,-0.5804294923078024,-0.5989120569780995,1
26,407,1,0,0,0,-0.5681120689115885,-0.5804294925381316,-0.5989120572049601,1
96,271,0,1,1,1,1.7602160821154045,1.7228621442976708,1.669694219873444,0
1,224,0,0,0,0,-0.5681120689115885,-0.5804294925381316,-0.5989120572049601,1
81,499,0,1,0,1,1.7602160821154045,-0.5804294925381316,1.669694219873444,4
84,125,0,0,0,0,-0.5681120689115885,-0.5804294925381316,-0.5989120572049601,1
64,395,0,0,1,1,-0.5681120689115885,1.7228621442976708,1.669694219873444,2
16,263,1,1,1,1,-0.5681120686787556,-0.5804294923078024,-0.5989120569780995,1
26,207,1,0,0,0,-0.5681120689115885,-0.5804294925381316,-0.5989120572049601,1
9,138,0,0,0,0,-0.5681120689115885,-0.5804294925381316,-0.5989120572049601,1
42,412,1,1,1,1,-0.5681120686787556,-0.5804294923078024,-0.5989120569780995,1
77,319,0,0,0,0,-0.5681120689115885,-0.5804294925381316,-0.5989120572049601,1
53,371,0,1,0,1,1.7602160821154045,-0.5804294925381316,1.669694219873444,4
55,358,0,0,0,0,-0.5681120689115885,-0.5804294925381316,-0.5989120572049601,1
64,185,1,0,1,1,-0.5681120689115885,-0.5804294923078024,-0.5989120569780995,1
4,352,0,0,1,1,-0.5681120689115885,1.7228621442976708,1.669694219873444,2
78,365,0,1,1,0,1.7602160821154045,1.7228621442976708,-0.5989120572049601,0
46,364,0,0,0,0,-0.5681120689115885,-0.5804294925381316,-0.5989120572049601,1
77,462,0,0,0,1,-0.5681120689115885,-0.5804294925381316,1.669694219873444,3
2,178,1,1,0,0,-0.5681120686787556,-0.5804294925381316,-0.5989120572049601,1
13,377,0,1,1,1,1.7602160821154045,1.7228621442976708,1.669694219873444,0
60,12,1,0,0,0,-0.5681120689115885,-0.5804294925381316,-0.5989120572049601,1
9,1,1,1,1,1,-0.5681120686787556,-0.5804294923078024,-0.5989120569780995,1
57,451,1,1,1,1,-0.5681120686787556,-0.5804294923078024,-0.5989120569780995,1
54,179,0,0,1,0,-0.5681120689115885,1.7228621442976708,-0.5989120572049601,2
53,471,1,1,0,0,-0.5681120686787556,-0.5804294925381316,-0.5989120572049601,1
5,113,0,1,0,1,1.7602160821154045,-0.5804294925381316,1.669694219873444,4
21,217,1,0,0,0,-0.5681120689115885,-0.5804294925381316,-0.5989120572049601,1
3,431,1,1,1,0,-0.5681120686787556,-0.5804294923078024,-0.5989120572049601,1
39,382,1,0,1,1,-0.5681120689115885,-0.5804294923078024,-0.5989120569780995,1
47,197,1,0,1,1,-0.5681120689115885,-0.5804294923078024,-0.5989120569780995,1
49,399,1,0,1,0,-0.5681120689115885,-0.5804294923078024,-0.5989120572049601,1
14,224,0,1,1,1,1.7602160821154045,1.7228621442976708,1.669694219873444,0
4,133,1,0,1,1,-0.5681120689115885,-0.5804294923078024,-0.5989120569780995,1
97,407,0,0,1,1,-0.5681120689115885,1.7228621442976708,1.669694219873444,2
72,160,1,1,0,1,-0.5681120686787556,-0.5804294925381316,-0.5989120569780995,1
33,492,1,0,1,1,-0.5681120689115885,-0.5804294923078024,-0.5989120569780995,1
75,424,0,1,0,0,1.7602160821154045,-0.5804294925381316,-0.5989120572049601,4
26,65,0,1,1,0,1.7602160821154045,1.7228621442976708,-0.5989120572049601,0
20,356,0,1,1,0,1.7602160821154045,1.7228621442976708,-0.5989120572049601,0
96,370,1,1,1,0,-0.5681120686787556,-0.5804294923078024,-0.5989120572049601,1
30,265,1,0,0,1,-0.5681120689115885,-0.5804294925381316,-0.5989120569780995,1
76,478,0,0,1,1,-0.5681120689115885,1.7228621442976708,1.669694219873444,2
24,426,0,1,0,0,1.7602160821154045,-0.5804294925381316,-0.5989120572049601,4
90,4,0,1,1,1,1.7602160821154045,1.7228621442976708,1.669694219873444,0
53,224,0,1,0,0,1.7602160821154045,-0.5804294925381316,-0.5989120572049601,4
70,320,1,0,0,1,-0.5681120689115885,-0.5804294925381316,-0.5989120569780995,1
39,374,1,1,1,1,-0.5681120686787556,-0.5804294923078024,-0.5989120569780995,1
82,499,0,1,1,1,1.7602160821154045,1.7228621442976708,1.669694219873444,0
34,268,0,1,0,1,1.7602160821154045,-0.5804294925381316,1.669694219873444,4
97,206,1,1,1,1,-0.5681120686787556,-0.5804294923078024,-0.5989120569780995,1
5,215,0,1,0,0,1.7602160821154045,-0.5804294925381316,-0.5989120572049601,4
75,406,0,1,1,1,1.7602160821154045,1.7228621442976708,1.669694219873444,0
4,234,0,0,0,1,-0.5681120689115885,-0.5804294925381316,1.669694219873444,3
12,148,1,0,1,0,-0.5681120689115885,-0.5804294923078024,-0.5989120572049601,1
70,411,0,1,0,0,1.7602160821154045,-0.5804294925381316,-0.5989120572049601,4
100,309,1,0,1,0,-0.5681120689115885,-0.5804294923078024,-0.5989120572049601,1
95,8,0,0,1,0,-0.5681120689115885,1.7228621442976708,-0.5989120572049601,2
50,7,0,1,1,1,1.7602160821154045,1.7228621442976708,1.669694219873444,0
21,481,0,1,0,1,1.7602160821154045,-0.5804294925381316,1.669694219873444,4
99,213,0,1,0,0,1.7602160821154045,-0.5804294925381316,-0.5989120572049601,4
77,99,1,0,1,1,-0.5681120689115885,-0.5804294923078024,-0.5989120569780995,1
86,92,1,0,0,0,-0.5681120689115885,-0.5804294925381316,-0.5989120572049601,1
11,78,1,0,1,0,-0.5681120689115885,-0.5804294923078024,-0.5989120572049601,1
22,233,1,1,1,1,-0.5681120686787556,-0.5804294923078024,-0.5989120569780995,1
62,7,1,1,1,0,-0.5681120686787556,-0.5804294923078024,-0.5989120572049601,1
9,184,1,0,0,1,-0.5681120689115885,-0.5804294925381316,-0.5989120569780995,1
100,183,1,1,0,1,-0.5681120686787556,-0.5804294925381316,-0.5989120569780995,1
80,112,0,1,0,0,1.7602160821154045,-0.5804294925381316,-0.5989120572049601,4
43,380,1,1,1,0,-0.5681120686787556,-0.5804294923078024,-0.5989120572049601,1
77,259,1,0,0,1,-0.5681120689115885,-0.5804294925381316,-0.5989120569780995,1
52,371,1,0,0,1,-0.5681120689115885,-0.5804294925381316,-0.5989120569780995,1
69,122,1,0,1,0,-0.5681120689115885,-0.5804294923078024,-0.5989120572049601,1
92,436,1,0,1,1,-0.5681120689115885,-0.5804294923078024,-0.5989120569780995,1
22,112,0,1,1,1,1.7602160821154045,1.7228621442976708,1.669694219873444,0
49,134,0,0,0,0,-0.5681120689115885,-0.5804294925381316,-0.5989120572049601,1
42,140,1,1,0,1,-0.5681120686787556,-0.5804294925381316,-0.5989120569780995,1
46,318,0,1,1,0,1.7602160821154045,1.7228621442976708,-0.5989120572049601,0
25,303,1,0,1,1,-0.5681120689115885,-0.5804294923078024,-0.5989120569780995,1
64,299,1,1,1,1,-0.5681120686787556,-0.5804294923078024,-0.5989120569780995,1
67,351,1,0,1,1,-0.5681120689115885,-0.5804294923078024,-0.5989120569780995,1
90,221,1,1,1,0,-0.5681120686787556,-0.5804294923078024,-0.5989120572049601,1
10,296,1,0,1,1,-0.5681120689115885,-0.5804294923078024,-0.5989120569780995,1
56,106,0,1,1,1,1.7602160821154045,1.7228621442976708,1.669694219873444,0
61,148,1,1,1,0,-0.5681120686787556,-0.5804294923078024,-0.5989120572049601,1
29,139,1,1,0,1,-0.5681120686787556,-0.5804294925381316,-0.5989120569780995,1
90,229,0,0,0,0,-0.5681120689115885,-0.5804294925381316,-0.5989120572049601,1
72,179,0,0,1,0,-0.5681120689115885,1.7228621442976708,-0.5989120572049601,2
52,335,0,1,1,1,1.7602160821154045,1.7228621442976708,1.669694219873444,0
32,185,1,1,0,0,-0.5681120686787556,-0.5804294925381316,-0.5989120572049601,1
65,15,1,0,0,1,-0.5681120689115885,-0.5804294925381316,-0.5989120569780995,1
